order_id,customer_id,product_id,quantity,unit_price,order_date,status
O00001,C0015,P02,1,34.5,2025-11-25,refunded
O00002,C0136,P04,3,59.99,2025-08-02,refunded
O00003,C0328,P01,2,129.99,2025-11-18,refunded
O00004,C0149,P05,2,45.0,2025-09-01,cancelled
O00005,C0208,P05,2,45.0,2025-03-15,cancelled
O00006,C0031,P03,2,79.0,2025-08-01,completed
O00007,C0238,P04,2,59.99,2025-11-07,completed
O00008,C0161,P06,3,89.95,2025-06-26,completed
O00009,C0067,P06,3,89.95,2025-10-15,completed
O00010,C0164,P04,2,59.99,2025-05-08,completed
O00011,C0231,P04,1,59.99,2025-06-01,completed
O00012,C0149,P07,3,149.0,2025-09-01,completed
O00013,C0082,P06,3,89.95,2025-06-10,completed
O00014,C0391,P03,2,79.0,2025-09-21,completed
O00015,C0256,P05,2,45.0,2025-03-31,completed
O00016,C0202,P08,1,39.99,2025-10-10,refunded
O00017,C0181,P01,1,129.99,2025-05-25,completed
O00018,C0306,P08,2,39.99,2025-10-02,completed
O00019,C0056,P07,1,149.0,2025-05-16,cancelled
O00020,C0188,P07,2,149.0,2025-09-21,completed
O00021,C0027,P04,2,59.99,2025-10-11,completed
O00022,C0038,P07,3,149.0,2025-08-19,refunded
O00023,C0144,P02,1,34.5,2025-10-19,completed
O00024,C0192,P06,3,89.95,2025-09-06,completed
O00025,C0102,P07,3,149.0,2025-09-21,completed
O00026,C0020,P03,3,79.0,2025-08-23,completed
O00027,C0266,P08,1,39.99,2025-11-07,refunded
O00028,C0072,P06,3,89.95,2025-06-13,completed
O00029,C0202,P05,3,45.0,2025-10-10,refunded
O00030,C0261,P08,3,39.99,2025-10-16,completed
O00031,C0244,P01,2,129.99,2025-07-09,cancelled
O00032,C0057,P07,3,149.0,2025-10-05,cancelled
O00033,C0353,P01,3,129.99,2025-08-31,completed
O00034,C0336,P04,3,59.99,2025-04-13,refunded
O00035,C0246,P03,3,79.0,2025-11-19,cancelled
O00036,C0318,P07,1,149.0,2025-12-15,completed
O00037,C0017,P02,1,34.5,2025-06-16,completed
O00038,C0161,P07,1,149.0,2025-07-31,cancelled
O00039,C0105,P07,3,149.0,2025-11-10,completed
O00040,C0377,P01,3,129.99,2025-03-20,refunded
O00041,C0107,P06,3,89.95,2025-09-02,refunded
O00042,C0193,P06,1,89.95,2025-08-24,refunded
O00043,C0176,P06,3,89.95,2025-12-15,cancelled
O00044,C0355,P05,3,45.0,2025-09-05,completed
O00045,C0127,P05,3,45.0,2025-07-14,completed
O00046,C0153,P05,3,45.0,2025-06-06,cancelled
O00047,C0361,P08,2,39.99,2025-09-03,completed
O00048,C0287,P05,2,45.0,2025-08-15,refunded
O00049,C0347,P07,2,149.0,2025-09-28,completed
O00050,C0149,P01,2,129.99,2025-09-01,completed
O00051,C0227,P05,3,45.0,2025-09-12,completed
O00052,C0104,P05,3,45.0,2025-05-20,completed
O00053,C0056,P04,1,59.99,2025-04-08,cancelled
O00054,C0272,P04,3,59.99,2025-10-12,completed
O00055,C0052,P07,2,149.0,2025-08-30,completed
O00056,C0349,P03,1,79.0,2025-10-09,completed
O00057,C0209,P08,2,39.99,2025-11-30,completed
O00058,C0388,P05,2,45.0,2025-07-04,cancelled
O00059,C0031,P02,3,34.5,2025-10-21,completed
O00060,C0274,P01,1,129.99,2025-08-02,completed
O00061,C0019,P07,2,149.0,2025-06-11,cancelled
O00062,C0149,P01,1,129.99,2025-09-01,refunded
O00063,C0309,P02,2,34.5,2025-08-15,completed
O00064,C0329,P08,1,39.99,2025-09-16,completed
O00065,C0140,P04,1,59.99,2025-08-24,completed
O00066,C0375,P08,3,39.99,2025-08-13,cancelled
O00067,C0096,P01,3,129.99,2025-06-22,completed
O00068,C0291,P04,1,59.99,2025-11-09,cancelled
O00069,C0208,P07,3,149.0,2025-06-17,completed
O00070,C0206,P02,1,34.5,2025-03-13,completed
O00071,C0166,P04,1,59.99,2025-06-02,completed
O00072,C0121,P08,2,39.99,2025-06-18,completed
O00073,C0299,P01,2,129.99,2025-12-01,completed
O00074,C0355,P04,1,59.99,2025-12-08,completed
O00075,C0239,P05,1,45.0,2025-07-27,cancelled
O00076,C0258,P05,3,45.0,2025-08-18,cancelled
O00077,C0152,P06,3,89.95,2025-10-09,completed
O00078,C0069,P08,1,39.99,2025-09-28,cancelled
O00079,C0311,P06,2,89.95,2025-10-09,completed
O00080,C0388,P04,1,59.99,2025-12-15,refunded
O00081,C0042,P08,3,39.99,2025-07-05,completed
O00082,C0289,P02,1,34.5,2025-10-08,refunded
O00083,C0104,P03,1,79.0,2025-06-17,refunded
O00084,C0227,P02,3,34.5,2025-09-12,cancelled
O00085,C0299,P08,1,39.99,2025-09-19,completed
O00086,C0029,P08,1,39.99,2025-09-20,completed
O00087,C0234,P01,3,129.99,2025-08-25,cancelled
O00088,C0158,P01,2,129.99,2025-05-11,completed
O00089,C0382,P04,3,59.99,2025-05-27,completed
O00090,C0217,P06,3,89.95,2025-03-31,refunded
O00091,C0031,P02,2,34.5,2025-03-24,completed
O00092,C0210,P03,1,79.0,2025-11-25,cancelled
O00093,C0331,P07,2,149.0,2025-08-13,completed
O00094,C0194,P07,1,149.0,2025-12-16,cancelled
O00095,C0277,P03,3,79.0,2025-07-08,completed
O00096,C0092,P07,3,149.0,2025-03-07,cancelled
O00097,C0115,P01,1,129.99,2025-06-02,completed
O00098,C0345,P07,3,149.0,2025-07-14,completed
O00099,C0127,P08,2,39.99,2025-07-14,completed
O00100,C0097,P02,1,34.5,2025-12-05,completed
O00101,C0315,P01,1,129.99,2025-04-16,completed
O00102,C0052,P01,2,129.99,2025-11-03,cancelled
O00103,C0361,P01,1,129.99,2025-05-31,completed
O00104,C0225,P04,3,59.99,2025-06-01,completed
O00105,C0072,P05,1,45.0,2025-10-22,completed
O00106,C0296,P06,1,89.95,2025-06-04,completed
O00107,C0339,P04,2,59.99,2025-06-03,completed
O00108,C0032,P03,3,79.0,2025-12-14,completed
O00109,C0285,P08,1,39.99,2025-06-26,cancelled
O00110,C0344,P07,3,149.0,2025-06-13,cancelled
O00111,C0214,P07,1,149.0,2025-06-03,completed
O00112,C0095,P08,1,39.99,2025-06-08,completed
O00113,C0363,P03,2,79.0,2025-08-31,refunded
O00114,C0212,P07,3,149.0,2025-09-29,completed
O00115,C0199,P04,2,59.99,2025-06-24,completed
O00116,C0332,P02,2,34.5,2025-07-09,completed
O00117,C0275,P04,1,59.99,2025-05-18,completed
O00118,C0345,P01,1,129.99,2025-04-07,refunded
O00119,C0371,P04,2,59.99,2025-08-16,completed
O00120,C0156,P01,1,129.99,2025-04-10,cancelled
O00121,C0061,P08,1,39.99,2025-11-06,cancelled
O00122,C0105,P07,1,149.0,2025-10-10,completed
O00123,C0398,P05,2,45.0,2025-08-27,refunded
O00124,C0333,P06,2,89.95,2025-08-18,completed
O00125,C0263,P08,2,39.99,2025-03-17,cancelled
O00126,C0241,P06,1,89.95,2025-07-09,completed
O00127,C0212,P01,3,129.99,2025-05-28,cancelled
O00128,C0075,P01,2,129.99,2025-10-11,refunded
O00129,C0297,P07,2,149.0,2025-07-27,completed
O00130,C0169,P04,2,59.99,2025-10-19,completed
O00131,C0256,P06,2,89.95,2025-09-08,cancelled
O00132,C0329,P08,2,39.99,2025-06-22,cancelled
O00133,C0181,P03,1,79.0,2025-10-07,completed
O00134,C0095,P01,3,129.99,2025-06-08,completed
O00135,C0343,P01,1,129.99,2025-07-31,completed
O00136,C0323,P04,1,59.99,2025-10-14,completed
O00137,C0112,P08,2,39.99,2025-05-22,refunded
O00138,C0327,P08,3,39.99,2025-09-07,completed
O00139,C0004,P07,1,149.0,2025-01-14,refunded
O00140,C0370,P05,3,45.0,2025-06-01,completed
O00141,C0258,P07,1,149.0,2025-08-18,completed
O00142,C0269,P03,1,79.0,2025-08-07,refunded
O00143,C0270,P05,2,45.0,2025-05-17,completed
O00144,C0041,P06,2,89.95,2025-08-24,refunded
O00145,C0125,P04,2,59.99,2025-08-25,cancelled
O00146,C0333,P01,1,129.99,2025-08-18,completed
O00147,C0194,P08,1,39.99,2025-11-23,completed
O00148,C0360,P03,1,79.0,2025-09-13,completed
O00149,C0331,P06,3,89.95,2025-08-13,refunded
O00150,C0022,P04,1,59.99,2025-10-18,completed
O00151,C0139,P01,1,129.99,2025-08-04,refunded
O00152,C0289,P01,1,129.99,2025-09-07,completed
O00153,C0107,P03,3,79.0,2025-08-06,completed
O00154,C0154,P03,3,79.0,2025-05-04,refunded
O00155,C0200,P06,2,89.95,2025-06-02,cancelled
O00156,C0371,P02,3,34.5,2025-08-16,completed
O00157,C0051,P07,1,149.0,2025-10-09,completed
O00158,C0310,P07,2,149.0,2025-09-17,cancelled
O00159,C0140,P08,2,39.99,2025-08-24,completed
O00160,C0284,P07,2,149.0,2025-06-09,cancelled
O00161,C0300,P07,1,149.0,2025-11-13,completed
O00162,C0127,P02,1,34.5,2025-07-14,completed
O00163,C0195,P03,3,79.0,2025-07-19,completed
O00164,C0185,P02,1,34.5,2025-06-18,completed
O00165,C0228,P06,2,89.95,2025-04-08,completed
O00166,C0045,P03,2,79.0,2025-08-18,refunded
O00167,C0285,P07,1,149.0,2025-03-21,completed
O00168,C0182,P02,3,34.5,2025-11-03,completed
O00169,C0198,P01,2,129.99,2025-09-18,completed
O00170,C0399,P02,3,34.5,2025-10-14,completed
O00171,C0293,P03,3,79.0,2025-08-09,completed
O00172,C0072,P05,2,45.0,2025-05-18,completed
O00173,C0075,P02,1,34.5,2025-08-11,completed
O00174,C0216,P05,2,45.0,2025-05-06,completed
O00175,C0129,P04,3,59.99,2025-11-17,completed
O00176,C0305,P04,2,59.99,2025-04-12,completed
O00177,C0156,P01,2,129.99,2025-06-20,refunded
O00178,C0195,P06,2,89.95,2025-06-21,completed
O00179,C0334,P03,2,79.0,2025-08-29,refunded
O00180,C0356,P04,2,59.99,2025-06-10,completed
O00181,C0204,P06,2,89.95,2025-11-21,completed
O00182,C0295,P04,2,59.99,2025-07-23,completed
O00183,C0202,P06,1,89.95,2025-10-16,completed
O00184,C0304,P03,3,79.0,2025-10-09,completed
O00185,C0373,P08,3,39.99,2025-04-18,completed
O00186,C0150,P02,2,34.5,2025-12-11,completed
O00187,C0072,P05,1,45.0,2025-05-10,cancelled
O00188,C0079,P07,2,149.0,2025-06-07,completed
O00189,C0307,P08,3,39.99,2025-10-16,refunded
O00190,C0260,P07,3,149.0,2025-09-24,completed
O00191,C0360,P02,1,34.5,2025-05-08,cancelled
O00192,C0341,P06,1,89.95,2025-11-28,refunded
O00193,C0023,P07,2,149.0,2025-09-10,completed
O00194,C0006,P02,2,34.5,2025-08-05,refunded
O00195,C0383,P04,2,59.99,2025-07-11,completed
O00196,C0238,P03,2,79.0,2025-05-15,completed
O00197,C0054,P05,2,45.0,2025-02-13,completed
O00198,C0374,P03,2,79.0,2025-09-20,completed
O00199,C0234,P04,3,59.99,2025-09-05,completed
O00200,C0244,P02,2,34.5,2025-08-20,completed
O00201,C0035,P05,1,45.0,2025-09-30,completed
O00202,C0176,P02,3,34.5,2025-03-26,cancelled
O00203,C0125,P03,3,79.0,2025-08-25,completed
O00204,C0287,P07,2,149.0,2025-08-15,completed
O00205,C0323,P03,1,79.0,2025-11-24,cancelled
O00206,C0222,P07,1,149.0,2025-11-11,completed
O00207,C0231,P07,2,149.0,2025-06-01,cancelled
O00208,C0110,P04,2,59.99,2025-09-16,refunded
O00209,C0053,P03,2,79.0,2025-06-16,completed
O00210,C0235,P02,2,34.5,2025-12-10,completed
O00211,C0271,P06,3,89.95,2025-07-18,refunded
O00212,C0201,P02,2,34.5,2025-08-17,completed
O00213,C0317,P03,3,79.0,2025-06-02,refunded
O00214,C0303,P02,3,34.5,2025-09-19,completed
O00215,C0061,P04,2,59.99,2025-05-07,completed
O00216,C0192,P03,3,79.0,2025-09-06,completed
O00217,C0306,P03,3,79.0,2025-07-16,completed
O00218,C0096,P08,3,39.99,2025-10-03,cancelled
O00219,C0331,P03,3,79.0,2025-08-13,completed
O00220,C0148,P03,1,79.0,2025-06-11,completed
O00221,C0318,P01,2,129.99,2025-07-10,completed
O00222,C0070,P04,2,59.99,2025-10-15,refunded
O00223,C0335,P08,2,39.99,2025-09-09,completed
O00224,C0364,P08,2,39.99,2025-07-02,completed
O00225,C0290,P01,1,129.99,2025-05-30,completed
O00226,C0141,P04,3,59.99,2025-09-25,completed
O00227,C0400,P08,3,39.99,2025-09-11,refunded
O00228,C0262,P02,3,34.5,2025-08-16,completed
O00229,C0397,P06,3,89.95,2025-05-09,cancelled
O00230,C0226,P04,2,59.99,2025-02-22,cancelled
O00231,C0335,P04,2,59.99,2025-05-25,completed
O00232,C0135,P06,1,89.95,2025-10-22,completed
O00233,C0398,P04,1,59.99,2025-10-29,cancelled
O00234,C0180,P07,1,149.0,2025-11-12,completed
O00235,C0106,P04,1,59.99,2025-10-19,completed
O00236,C0273,P05,3,45.0,2025-10-03,completed
O00237,C0166,P05,2,45.0,2025-10-21,completed
O00238,C0264,P02,1,34.5,2025-10-27,completed
O00239,C0142,P03,3,79.0,2025-08-12,completed
O00240,C0075,P06,1,89.95,2025-12-13,completed
O00241,C0251,P03,3,79.0,2025-11-20,completed
O00242,C0322,P07,2,149.0,2025-08-20,completed
O00243,C0325,P02,2,34.5,2025-09-21,cancelled
O00244,C0143,P06,2,89.95,2025-09-07,completed
O00245,C0298,P01,3,129.99,2025-02-17,cancelled
O00246,C0235,P06,1,89.95,2025-10-01,completed
O00247,C0112,P07,1,149.0,2025-09-11,completed
O00248,C0166,P05,2,45.0,2025-10-08,refunded
O00249,C0067,P08,2,39.99,2025-12-16,completed
O00250,C0024,P02,3,34.5,2025-08-24,completed
O00251,C0064,P03,2,79.0,2025-08-22,completed
O00252,C0220,P04,3,59.99,2025-03-09,cancelled
O00253,C0155,P03,2,79.0,2025-04-21,cancelled
O00254,C0185,P05,1,45.0,2025-07-10,cancelled
O00255,C0333,P03,1,79.0,2025-08-18,cancelled
O00256,C0157,P04,2,59.99,2025-12-02,completed
O00257,C0361,P02,1,34.5,2025-05-31,completed
O00258,C0040,P03,3,79.0,2025-10-11,refunded
O00259,C0349,P08,1,39.99,2025-08-23,cancelled
O00260,C0176,P02,2,34.5,2025-03-09,completed
O00261,C0037,P04,2,59.99,2025-10-04,cancelled
O00262,C0053,P02,2,34.5,2025-07-08,completed
O00263,C0071,P07,1,149.0,2025-11-25,cancelled
O00264,C0074,P02,3,34.5,2025-10-16,completed
O00265,C0313,P03,2,79.0,2025-10-25,cancelled
O00266,C0110,P03,2,79.0,2025-11-12,cancelled
O00267,C0227,P04,1,59.99,2025-09-12,completed
O00268,C0386,P02,3,34.5,2025-07-16,completed
O00269,C0220,P06,1,89.95,2025-05-07,completed
O00270,C0331,P02,1,34.5,2025-10-11,refunded
O00271,C0308,P05,3,45.0,2025-06-11,cancelled
O00272,C0155,P04,3,59.99,2025-11-07,refunded
O00273,C0097,P07,2,149.0,2025-11-27,completed
O00274,C0123,P08,2,39.99,2025-03-26,completed
O00275,C0256,P02,3,34.5,2025-03-31,completed
O00276,C0163,P03,2,79.0,2025-10-19,completed
O00277,C0188,P03,2,79.0,2025-09-21,completed
O00278,C0301,P02,1,34.5,2025-06-08,completed
O00279,C0021,P01,2,129.99,2025-10-15,completed
O00280,C0322,P07,2,149.0,2025-07-25,completed
O00281,C0328,P03,2,79.0,2025-09-17,completed
O00282,C0041,P04,1,59.99,2025-10-02,completed
O00283,C0201,P02,2,34.5,2025-08-17,cancelled
O00284,C0123,P01,1,129.99,2025-03-26,completed
O00285,C0060,P08,3,39.99,2025-11-08,completed
O00286,C0159,P03,1,79.0,2025-03-06,cancelled
O00287,C0071,P01,1,129.99,2025-10-11,completed
O00288,C0268,P05,1,45.0,2025-07-24,completed
O00289,C0384,P05,3,45.0,2025-06-13,completed
O00290,C0172,P07,2,149.0,2025-09-26,completed
O00291,C0135,P02,2,34.5,2025-10-22,refunded
O00292,C0185,P01,2,129.99,2025-10-18,completed
O00293,C0189,P03,2,79.0,2025-02-22,refunded
O00294,C0346,P02,1,34.5,2025-09-18,completed
O00295,C0023,P01,1,129.99,2025-09-10,completed
O00296,C0187,P07,1,149.0,2025-06-11,completed
O00297,C0284,P07,1,149.0,2025-06-14,completed
O00298,C0214,P06,2,89.95,2025-06-03,refunded
O00299,C0191,P02,3,34.5,2025-12-11,completed
O00300,C0092,P04,3,59.99,2025-01-24,completed
O00301,C0036,P08,2,39.99,2025-06-09,completed
O00302,C0045,P08,1,39.99,2025-07-28,completed
O00303,C0150,P05,3,45.0,2025-11-15,completed
O00304,C0238,P06,3,89.95,2025-09-10,completed
O00305,C0376,P04,1,59.99,2025-07-07,completed
O00306,C0013,P04,3,59.99,2025-08-21,cancelled
O00307,C0356,P01,2,129.99,2025-05-10,cancelled
O00308,C0193,P05,1,45.0,2025-04-16,refunded
O00309,C0122,P07,2,149.0,2025-07-19,completed
O00310,C0365,P05,1,45.0,2025-03-05,completed
O00311,C0267,P07,3,149.0,2025-08-20,completed
O00312,C0383,P02,3,34.5,2025-02-18,refunded
O00313,C0069,P07,1,149.0,2025-10-31,refunded
O00314,C0032,P07,3,149.0,2025-06-15,completed
O00315,C0150,P05,2,45.0,2025-07-21,cancelled
O00316,C0377,P06,2,89.95,2025-08-20,completed
O00317,C0120,P02,1,34.5,2025-07-19,refunded
O00318,C0056,P03,1,79.0,2025-04-08,completed
O00319,C0239,P06,2,89.95,2025-04-30,refunded
O00320,C0184,P04,2,59.99,2025-07-29,completed
O00321,C0136,P02,1,34.5,2025-05-05,cancelled
O00322,C0156,P01,1,129.99,2025-06-17,completed
O00323,C0047,P04,2,59.99,2025-07-22,refunded
O00324,C0026,P05,2,45.0,2025-03-31,completed
O00325,C0208,P08,3,39.99,2025-10-09,completed
O00326,C0049,P08,1,39.99,2025-10-02,completed
O00327,C0007,P01,1,129.99,2025-06-22,completed
O00328,C0206,P06,3,89.95,2025-11-19,cancelled
O00329,C0044,P05,1,45.0,2025-10-20,completed
O00330,C0102,P08,1,39.99,2025-09-21,completed
O00331,C0063,P01,2,129.99,2025-04-15,completed
O00332,C0294,P07,3,149.0,2025-07-22,completed
O00333,C0016,P07,3,149.0,2025-08-25,completed
O00334,C0182,P04,1,59.99,2025-09-23,completed
O00335,C0229,P03,1,79.0,2025-11-11,refunded
O00336,C0316,P04,3,59.99,2025-06-01,completed
O00337,C0211,P08,1,39.99,2025-09-07,completed
O00338,C0197,P03,2,79.0,2025-08-22,cancelled
O00339,C0270,P04,3,59.99,2025-10-06,completed
O00340,C0196,P06,2,89.95,2025-10-06,completed
O00341,C0177,P06,2,89.95,2025-07-26,completed
O00342,C0014,P06,3,89.95,2025-04-23,completed
O00343,C0399,P05,1,45.0,2025-08-30,refunded
O00344,C0184,P04,1,59.99,2025-07-29,completed
O00345,C0337,P04,2,59.99,2025-10-01,cancelled
O00346,C0029,P04,3,59.99,2025-07-18,completed
O00347,C0089,P03,1,79.0,2025-10-31,completed
O00348,C0378,P06,3,89.95,2025-02-09,cancelled
O00349,C0359,P06,3,89.95,2025-10-16,completed
O00350,C0289,P04,2,59.99,2025-10-05,completed
O00351,C0090,P08,1,39.99,2025-08-11,completed
O00352,C0120,P04,1,59.99,2025-09-27,completed
O00353,C0001,P06,3,89.95,2025-05-21,completed
O00354,C0175,P03,2,79.0,2025-03-26,completed
O00355,C0076,P03,1,79.0,2025-09-27,completed
O00356,C0038,P06,3,89.95,2025-12-06,completed
O00357,C0301,P02,2,34.5,2025-06-08,completed
O00358,C0070,P03,3,79.0,2025-08-12,cancelled
O00359,C0250,P06,1,89.95,2025-10-15,cancelled
O00360,C0315,P06,1,89.95,2025-12-07,refunded
O00361,C0090,P07,2,149.0,2025-08-11,completed
O00362,C0091,P01,3,129.99,2025-10-21,completed
O00363,C0395,P01,1,129.99,2025-11-05,completed
O00364,C0314,P04,3,59.99,2025-10-20,completed
O00365,C0255,P03,2,79.0,2025-02-09,completed
O00366,C0178,P06,1,89.95,2025-11-22,completed
O00367,C0363,P06,2,89.95,2025-08-31,completed
O00368,C0108,P04,3,59.99,2025-10-13,completed
O00369,C0132,P02,3,34.5,2025-04-22,completed
O00370,C0198,P08,3,39.99,2025-09-18,completed
O00371,C0212,P08,2,39.99,2025-06-29,refunded
O00372,C0193,P02,2,34.5,2025-10-23,cancelled
O00373,C0389,P04,1,59.99,2025-10-10,completed
O00374,C0018,P05,1,45.0,2025-07-25,completed
O00375,C0054,P02,2,34.5,2025-03-29,completed
O00376,C0083,P02,3,34.5,2025-05-08,completed
O00377,C0305,P08,3,39.99,2025-04-12,completed
O00378,C0335,P03,3,79.0,2025-08-11,completed
O00379,C0028,P02,2,34.5,2025-08-21,completed
O00380,C0210,P05,3,45.0,2025-05-25,completed
O00381,C0122,P02,1,34.5,2025-07-21,refunded
O00382,C0282,P08,1,39.99,2025-03-14,completed
O00383,C0002,P07,1,149.0,2025-05-31,cancelled
O00384,C0321,P08,1,39.99,2025-03-18,completed
O00385,C0106,P03,3,79.0,2025-07-24,completed
O00386,C0243,P02,2,34.5,2025-07-23,completed
O00387,C0251,P05,1,45.0,2025-11-25,refunded
O00388,C0199,P03,2,79.0,2025-07-15,completed
O00389,C0096,P08,1,39.99,2025-06-01,completed
O00390,C0239,P05,1,45.0,2025-05-18,refunded
O00391,C0032,P03,3,79.0,2025-12-08,completed
O00392,C0044,P06,3,89.95,2025-10-20,refunded
O00393,C0117,P01,2,129.99,2025-10-05,completed
O00394,C0275,P08,3,39.99,2025-05-01,completed
O00395,C0154,P02,2,34.5,2025-04-09,refunded
O00396,C0293,P03,1,79.0,2025-08-18,completed
O00397,C0086,P04,1,59.99,2025-04-09,completed
O00398,C0217,P02,3,34.5,2025-08-11,completed
O00399,C0322,P03,3,79.0,2025-06-08,completed
O00400,C0373,P02,1,34.5,2025-07-18,refunded
O00401,C0204,P06,2,89.95,2025-09-24,completed
O00402,C0007,P07,1,149.0,2025-08-01,completed
O00403,C0076,P02,1,34.5,2025-10-16,completed
O00404,C0147,P06,2,89.95,2025-05-22,completed
O00405,C0336,P08,3,39.99,2025-11-08,completed
O00406,C0020,P03,2,79.0,2025-08-23,completed
O00407,C0317,P07,1,149.0,2025-07-22,completed
O00408,C0354,P04,1,59.99,2025-10-06,completed
O00409,C0191,P01,2,129.99,2025-10-09,completed
O00410,C0144,P08,3,39.99,2025-10-19,completed
O00411,C0069,P05,3,45.0,2025-09-28,completed
O00412,C0138,P07,3,149.0,2025-11-27,completed
O00413,C0097,P08,1,39.99,2025-07-28,cancelled
O00414,C0249,P06,1,89.95,2025-09-21,completed
O00415,C0034,P05,3,45.0,2025-09-17,completed
O00416,C0070,P01,1,129.99,2025-04-09,completed
O00417,C0030,P04,1,59.99,2025-09-17,completed
O00418,C0185,P04,2,59.99,2025-07-08,completed
O00419,C0259,P07,3,149.0,2025-09-15,cancelled
O00420,C0016,P04,2,59.99,2025-09-08,refunded
O00421,C0229,P03,2,79.0,2025-10-28,refunded
O00422,C0180,P06,1,89.95,2025-05-13,cancelled
O00423,C0353,P02,2,34.5,2025-02-13,completed
O00424,C0026,P03,3,79.0,2025-04-20,completed
O00425,C0332,P04,3,59.99,2025-05-02,completed
O00426,C0334,P07,3,149.0,2025-08-29,cancelled
O00427,C0005,P08,1,39.99,2025-11-28,completed
O00428,C0308,P01,1,129.99,2025-06-11,refunded
O00429,C0157,P05,2,45.0,2025-07-12,completed
O00430,C0236,P05,1,45.0,2025-08-27,completed
O00431,C0347,P07,3,149.0,2025-09-28,completed
O00432,C0262,P06,3,89.95,2025-11-28,refunded
O00433,C0312,P05,2,45.0,2025-02-25,completed
O00434,C0033,P06,2,89.95,2025-11-24,completed
O00435,C0142,P05,3,45.0,2025-11-30,completed
O00436,C0097,P03,3,79.0,2025-07-14,completed
O00437,C0308,P07,3,149.0,2025-06-13,cancelled
O00438,C0072,P01,3,129.99,2025-09-12,completed
O00439,C0133,P07,2,149.0,2025-07-18,cancelled
O00440,C0019,P04,2,59.99,2025-06-11,cancelled
O00441,C0274,P08,3,39.99,2025-07-03,refunded
O00442,C0154,P03,3,79.0,2025-10-13,completed
O00443,C0151,P02,2,34.5,2025-10-25,cancelled
O00444,C0133,P03,3,79.0,2025-06-21,cancelled
O00445,C0046,P04,2,59.99,2025-08-09,cancelled
O00446,C0158,P07,2,149.0,2025-07-10,completed
O00447,C0300,P05,2,45.0,2025-08-12,completed
O00448,C0028,P02,2,34.5,2025-08-21,refunded
O00449,C0062,P07,3,149.0,2025-06-02,completed
O00450,C0028,P03,1,79.0,2025-08-21,completed
O00451,C0210,P08,1,39.99,2025-06-11,cancelled
O00452,C0093,P02,2,34.5,2025-08-09,cancelled
O00453,C0091,P06,3,89.95,2025-09-19,completed
O00454,C0232,P05,1,45.0,2025-04-13,refunded
O00455,C0392,P03,2,79.0,2025-06-12,completed
O00456,C0315,P07,3,149.0,2025-08-08,completed
O00457,C0220,P08,2,39.99,2025-01-05,completed
O00458,C0274,P04,3,59.99,2025-07-11,completed
O00459,C0165,P04,1,59.99,2025-12-13,completed
O00460,C0321,P04,1,59.99,2025-06-26,completed
O00461,C0067,P02,2,34.5,2025-09-15,refunded
O00462,C0157,P03,1,79.0,2025-06-04,completed
O00463,C0149,P08,3,39.99,2025-09-24,refunded
O00464,C0269,P06,2,89.95,2025-08-07,completed
O00465,C0251,P06,1,89.95,2025-10-17,completed
O00466,C0010,P04,1,59.99,2025-10-10,completed
O00467,C0376,P01,3,129.99,2025-09-16,completed
O00468,C0064,P06,3,89.95,2025-11-30,completed
O00469,C0193,P05,3,45.0,2025-11-16,completed
O00470,C0305,P01,3,129.99,2025-04-12,cancelled
O00471,C0011,P01,3,129.99,2025-04-09,completed
O00472,C0228,P07,1,149.0,2025-10-08,completed
O00473,C0243,P03,1,79.0,2025-11-19,completed
O00474,C0155,P07,3,149.0,2025-04-21,cancelled
O00475,C0267,P05,3,45.0,2025-11-07,cancelled
O00476,C0071,P07,1,149.0,2025-10-11,cancelled
O00477,C0317,P02,2,34.5,2025-05-07,completed
O00478,C0255,P04,3,59.99,2025-04-13,completed
O00479,C0268,P04,2,59.99,2025-07-29,completed
O00480,C0083,P01,3,129.99,2025-09-12,completed
O00481,C0353,P08,2,39.99,2025-05-01,completed
O00482,C0007,P02,1,34.5,2025-10-21,cancelled
O00483,C0253,P03,1,79.0,2025-09-19,completed
O00484,C0371,P02,2,34.5,2025-11-26,completed
O00485,C0234,P05,2,45.0,2025-08-26,completed
O00486,C0052,P03,1,79.0,2025-05-29,completed
O00487,C0347,P06,2,89.95,2025-09-28,completed
O00488,C0389,P01,1,129.99,2025-10-10,cancelled
O00489,C0332,P03,2,79.0,2025-07-03,completed
O00490,C0319,P05,3,45.0,2025-02-17,completed
O00491,C0176,P03,1,79.0,2025-07-25,completed
O00492,C0234,P05,2,45.0,2025-09-02,completed
O00493,C0333,P03,1,79.0,2025-08-18,cancelled
O00494,C0372,P01,1,129.99,2025-06-30,completed
O00495,C0303,P08,3,39.99,2025-12-14,completed
O00496,C0093,P07,2,149.0,2025-11-10,completed
O00497,C0351,P03,2,79.0,2025-09-07,completed
O00498,C0211,P08,1,39.99,2025-09-07,completed
O00499,C0336,P06,1,89.95,2025-12-14,refunded
O00500,C0393,P04,3,59.99,2025-09-22,refunded
O00501,C0268,P02,2,34.5,2025-12-05,cancelled
O00502,C0128,P08,2,39.99,2025-12-06,cancelled
O00503,C0329,P07,1,149.0,2025-10-13,refunded
O00504,C0028,P01,3,129.99,2025-08-21,refunded
O00505,C0241,P08,1,39.99,2025-06-04,completed
O00506,C0165,P04,2,59.99,2025-05-23,completed
O00507,C0260,P04,3,59.99,2025-11-26,completed
O00508,C0207,P04,1,59.99,2025-08-24,completed
O00509,C0294,P08,1,39.99,2025-09-13,completed
O00510,C0162,P02,2,34.5,2025-12-01,completed
O00511,C0053,P07,2,149.0,2025-04-20,refunded
O00512,C0282,P01,1,129.99,2025-11-06,refunded
O00513,C0327,P05,3,45.0,2025-10-15,completed
O00514,C0336,P08,2,39.99,2025-07-06,completed
O00515,C0115,P08,2,39.99,2025-10-14,refunded
O00516,C0308,P08,3,39.99,2025-12-03,completed
O00517,C0367,P08,1,39.99,2025-09-12,cancelled
O00518,C0114,P01,2,129.99,2025-07-01,cancelled
O00519,C0150,P06,3,89.95,2025-05-31,completed
O00520,C0085,P08,1,39.99,2025-07-29,completed
O00521,C0131,P04,1,59.99,2025-03-06,completed
O00522,C0111,P08,1,39.99,2025-09-01,completed
O00523,C0388,P07,1,149.0,2025-11-21,cancelled
O00524,C0302,P02,2,34.5,2025-08-23,cancelled
O00525,C0302,P03,2,79.0,2025-02-09,refunded
O00526,C0377,P01,3,129.99,2025-08-10,refunded
O00527,C0248,P03,3,79.0,2025-10-24,completed
O00528,C0375,P03,1,79.0,2025-08-13,cancelled
O00529,C0308,P06,3,89.95,2025-07-16,completed
O00530,C0312,P04,2,59.99,2025-07-23,completed
O00531,C0151,P08,1,39.99,2025-10-25,completed
O00532,C0309,P05,3,45.0,2025-10-08,completed
O00533,C0365,P04,1,59.99,2025-04-18,refunded
O00534,C0366,P05,3,45.0,2025-08-14,cancelled
O00535,C0068,P03,3,79.0,2025-10-05,cancelled
O00536,C0327,P06,3,89.95,2025-03-12,completed
O00537,C0288,P08,3,39.99,2025-10-20,cancelled
O00538,C0364,P07,3,149.0,2025-10-01,completed
O00539,C0217,P01,3,129.99,2025-03-31,completed
O00540,C0196,P03,1,79.0,2025-12-10,completed
O00541,C0103,P05,1,45.0,2025-06-08,cancelled
O00542,C0129,P03,1,79.0,2025-06-01,completed
O00543,C0386,P01,2,129.99,2025-08-20,completed
O00544,C0316,P04,3,59.99,2025-11-28,refunded
O00545,C0200,P04,3,59.99,2025-06-02,cancelled
O00546,C0341,P01,2,129.99,2025-08-01,completed
O00547,C0351,P06,3,89.95,2025-03-15,completed
O00548,C0381,P05,1,45.0,2025-11-14,completed
O00549,C0116,P06,3,89.95,2025-10-07,cancelled
O00550,C0309,P04,3,59.99,2025-08-15,completed
O00551,C0230,P03,3,79.0,2025-10-24,completed
O00552,C0089,P02,2,34.5,2025-04-02,completed
O00553,C0143,P05,1,45.0,2025-03-24,refunded
O00554,C0131,P01,2,129.99,2025-08-27,cancelled
O00555,C0080,P01,1,129.99,2025-06-15,refunded
O00556,C0027,P05,2,45.0,2025-10-21,refunded
O00557,C0184,P02,3,34.5,2025-07-29,refunded
O00558,C0113,P03,3,79.0,2025-08-14,refunded
O00559,C0082,P07,3,149.0,2025-10-02,completed
O00560,C0048,P06,1,89.95,2025-06-23,cancelled
O00561,C0170,P06,2,89.95,2025-05-31,completed
O00562,C0386,P08,3,39.99,2025-11-29,completed
O00563,C0059,P06,2,89.95,2025-09-18,cancelled
O00564,C0315,P04,1,59.99,2025-12-16,completed
O00565,C0196,P02,2,34.5,2025-05-20,refunded
O00566,C0371,P05,1,45.0,2025-09-22,completed
O00567,C0264,P08,2,39.99,2025-10-27,completed
O00568,C0334,P04,2,59.99,2025-09-21,completed
O00569,C0050,P03,3,79.0,2025-10-01,completed
O00570,C0321,P02,1,34.5,2025-12-10,cancelled
O00571,C0397,P04,3,59.99,2025-08-06,completed
O00572,C0106,P07,3,149.0,2025-07-24,cancelled
O00573,C0352,P03,1,79.0,2025-08-24,cancelled
O00574,C0170,P01,1,129.99,2025-02-07,completed
O00575,C0092,P05,3,45.0,2025-02-06,refunded
O00576,C0117,P05,2,45.0,2025-10-05,completed
O00577,C0323,P07,2,149.0,2025-10-14,completed
O00578,C0200,P02,3,34.5,2025-06-02,cancelled
O00579,C0369,P02,3,34.5,2025-10-27,completed
O00580,C0359,P02,2,34.5,2025-09-15,completed
O00581,C0149,P05,3,45.0,2025-09-01,completed
O00582,C0392,P08,2,39.99,2025-07-22,cancelled
O00583,C0016,P08,1,39.99,2025-10-01,completed
O00584,C0070,P07,3,149.0,2025-06-01,cancelled
O00585,C0074,P05,3,45.0,2025-11-28,completed
O00586,C0006,P03,1,79.0,2025-08-05,completed
O00587,C0294,P07,3,149.0,2025-10-08,completed
O00588,C0157,P04,3,59.99,2025-06-26,completed
O00589,C0212,P03,1,79.0,2025-05-28,completed
O00590,C0316,P05,1,45.0,2025-02-28,completed
O00591,C0344,P01,3,129.99,2025-08-25,cancelled
O00592,C0282,P02,2,34.5,2025-12-10,completed
O00593,C0129,P02,1,34.5,2025-10-25,completed
O00594,C0170,P06,1,89.95,2025-12-10,cancelled
O00595,C0121,P02,2,34.5,2025-11-14,completed
O00596,C0100,P06,2,89.95,2025-08-19,completed
O00597,C0316,P05,3,45.0,2025-10-27,completed
O00598,C0290,P06,2,89.95,2025-08-08,completed
O00599,C0003,P06,1,89.95,2025-04-24,cancelled
O00600,C0379,P07,2,149.0,2025-07-04,completed
O00601,C0348,P06,2,89.95,2025-08-25,completed
O00602,C0184,P05,2,45.0,2025-10-10,completed
O00603,C0090,P02,2,34.5,2025-08-11,refunded
O00604,C0101,P05,3,45.0,2025-11-17,completed
O00605,C0373,P02,1,34.5,2025-09-17,cancelled
O00606,C0016,P07,3,149.0,2025-08-25,completed
O00607,C0283,P05,3,45.0,2025-10-04,completed
O00608,C0335,P03,2,79.0,2025-07-20,completed
O00609,C0396,P05,1,45.0,2025-08-26,refunded
O00610,C0262,P02,2,34.5,2025-08-16,refunded
O00611,C0006,P04,3,59.99,2025-08-05,refunded
O00612,C0072,P08,1,39.99,2025-04-18,refunded
O00613,C0290,P03,3,79.0,2025-09-05,completed
O00614,C0021,P04,2,59.99,2025-10-15,completed
O00615,C0136,P06,1,89.95,2025-05-05,cancelled
O00616,C0106,P06,2,89.95,2025-08-29,completed
O00617,C0024,P01,3,129.99,2025-06-15,completed
O00618,C0361,P05,3,45.0,2025-05-31,refunded
O00619,C0279,P03,2,79.0,2025-12-01,completed
O00620,C0188,P02,3,34.5,2025-09-21,completed
O00621,C0115,P07,2,149.0,2025-06-26,completed
O00622,C0247,P01,3,129.99,2025-05-01,completed
O00623,C0085,P04,1,59.99,2025-09-21,cancelled
O00624,C0144,P04,1,59.99,2025-10-19,completed
O00625,C0186,P02,3,34.5,2025-07-25,completed
O00626,C0170,P02,2,34.5,2025-12-12,completed
O00627,C0246,P04,3,59.99,2025-03-24,cancelled
O00628,C0211,P01,1,129.99,2025-09-07,completed
O00629,C0294,P03,1,79.0,2025-11-19,refunded
O00630,C0021,P03,1,79.0,2025-10-15,completed
O00631,C0093,P07,3,149.0,2025-10-16,cancelled
O00632,C0010,P05,1,45.0,2025-10-10,completed
O00633,C0311,P08,2,39.99,2025-03-29,completed
O00634,C0211,P03,3,79.0,2025-09-07,refunded
O00635,C0338,P05,1,45.0,2025-09-22,completed
O00636,C0306,P02,1,34.5,2025-07-13,completed
O00637,C0068,P02,1,34.5,2025-04-14,refunded
O00638,C0259,P07,1,149.0,2025-11-07,completed
O00639,C0091,P08,3,39.99,2025-11-04,completed
O00640,C0273,P02,1,34.5,2025-09-04,cancelled
O00641,C0067,P01,3,129.99,2025-11-29,completed
O00642,C0268,P07,2,149.0,2025-07-24,cancelled
O00643,C0272,P07,1,149.0,2025-10-12,completed
O00644,C0180,P02,2,34.5,2025-04-28,completed
O00645,C0245,P04,1,59.99,2025-05-26,refunded
O00646,C0279,P07,2,149.0,2025-05-17,completed
O00647,C0364,P01,3,129.99,2025-09-25,completed
O00648,C0267,P01,2,129.99,2025-12-02,completed
O00649,C0353,P06,2,89.95,2025-07-05,completed
O00650,C0080,P07,3,149.0,2025-10-27,completed
O00651,C0134,P07,3,149.0,2025-07-07,refunded
O00652,C0142,P07,1,149.0,2025-08-12,refunded
O00653,C0286,P08,1,39.99,2025-07-09,refunded
O00654,C0285,P08,2,39.99,2025-06-07,refunded
O00655,C0177,P07,3,149.0,2025-07-26,cancelled
O00656,C0061,P04,2,59.99,2025-05-07,completed
O00657,C0110,P07,2,149.0,2025-10-09,refunded
O00658,C0357,P01,1,129.99,2025-07-19,cancelled
O00659,C0003,P02,1,34.5,2025-08-30,refunded
O00660,C0223,P02,1,34.5,2025-07-16,completed
O00661,C0190,P02,3,34.5,2025-09-13,cancelled
O00662,C0197,P07,3,149.0,2025-12-02,refunded
O00663,C0147,P01,1,129.99,2025-11-24,completed
O00664,C0225,P01,1,129.99,2025-12-03,refunded
O00665,C0147,P04,1,59.99,2025-11-03,refunded
O00666,C0265,P04,3,59.99,2025-09-29,cancelled
O00667,C0019,P06,1,89.95,2025-12-02,completed
O00668,C0081,P02,2,34.5,2025-07-24,completed
O00669,C0343,P07,2,149.0,2025-10-28,completed
O00670,C0266,P01,3,129.99,2025-02-28,completed
O00671,C0282,P05,3,45.0,2025-10-14,refunded
O00672,C0179,P06,2,89.95,2025-06-15,refunded
O00673,C0100,P08,2,39.99,2025-10-22,completed
O00674,C0134,P03,2,79.0,2025-09-17,completed
O00675,C0287,P02,3,34.5,2025-08-15,completed
O00676,C0060,P05,3,45.0,2025-10-22,completed
O00677,C0356,P08,2,39.99,2025-10-16,completed
O00678,C0395,P04,2,59.99,2025-08-23,cancelled
O00679,C0236,P01,2,129.99,2025-07-07,completed
O00680,C0035,P07,3,149.0,2025-09-30,cancelled
O00681,C0360,P04,2,59.99,2025-07-31,completed
O00682,C0265,P01,3,129.99,2025-09-29,completed
O00683,C0148,P02,2,34.5,2025-12-11,cancelled
O00684,C0176,P02,3,34.5,2025-04-02,completed
O00685,C0161,P06,1,89.95,2025-10-21,completed
O00686,C0094,P04,2,59.99,2025-06-10,completed
O00687,C0377,P04,2,59.99,2025-04-16,completed
O00688,C0104,P04,3,59.99,2025-07-02,completed
O00689,C0399,P02,1,34.5,2025-03-28,cancelled
O00690,C0340,P08,3,39.99,2025-02-16,refunded
O00691,C0022,P08,2,39.99,2025-11-14,completed
O00692,C0253,P05,2,45.0,2025-04-04,refunded
O00693,C0144,P07,1,149.0,2025-10-23,completed
O00694,C0028,P07,2,149.0,2025-10-04,completed
O00695,C0258,P06,2,89.95,2025-08-18,completed
O00696,C0062,P08,2,39.99,2025-02-11,completed
O00697,C0346,P04,2,59.99,2025-10-25,completed
O00698,C0167,P06,3,89.95,2025-05-13,completed
O00699,C0281,P05,1,45.0,2025-05-18,completed
O00700,C0314,P06,2,89.95,2025-10-20,completed
O00701,C0218,P04,2,59.99,2025-07-10,completed
O00702,C0206,P05,2,45.0,2025-04-03,refunded
O00703,C0068,P04,1,59.99,2025-05-19,completed
O00704,C0285,P07,2,149.0,2025-04-11,completed
O00705,C0379,P03,2,79.0,2025-06-10,completed
O00706,C0216,P08,1,39.99,2025-11-19,refunded
O00707,C0274,P06,2,89.95,2025-06-03,completed
O00708,C0288,P01,2,129.99,2025-02-28,cancelled
O00709,C0084,P01,1,129.99,2025-05-11,completed
O00710,C0323,P02,2,34.5,2025-10-14,completed
O00711,C0185,P06,3,89.95,2025-10-13,completed
O00712,C0177,P01,2,129.99,2025-07-26,completed
O00713,C0348,P04,3,59.99,2025-10-22,cancelled
O00714,C0333,P03,2,79.0,2025-08-18,completed
O00715,C0345,P08,3,39.99,2025-08-17,completed
O00716,C0196,P05,2,45.0,2025-11-20,completed
O00717,C0086,P06,2,89.95,2025-11-20,refunded
O00718,C0293,P07,1,149.0,2025-08-09,completed
O00719,C0176,P04,2,59.99,2025-06-12,cancelled
O00720,C0150,P05,3,45.0,2025-11-27,completed
O00721,C0139,P08,2,39.99,2025-10-28,refunded
O00722,C0231,P07,1,149.0,2025-06-01,completed
O00723,C0065,P04,3,59.99,2025-05-09,cancelled
O00724,C0359,P02,1,34.5,2025-03-31,completed
O00725,C0053,P02,1,34.5,2025-08-31,refunded
O00726,C0028,P01,2,129.99,2025-09-26,completed
O00727,C0054,P05,3,45.0,2025-03-21,completed
O00728,C0336,P07,2,149.0,2025-04-28,completed
O00729,C0378,P05,2,45.0,2025-11-17,completed
O00730,C0068,P03,1,79.0,2025-03-22,cancelled
O00731,C0183,P06,2,89.95,2025-08-28,refunded
O00732,C0140,P08,1,39.99,2025-10-04,completed
O00733,C0303,P08,3,39.99,2025-11-22,refunded
O00734,C0223,P05,2,45.0,2025-09-04,refunded
O00735,C0117,P02,2,34.5,2025-10-05,completed
O00736,C0212,P05,1,45.0,2025-06-05,completed
O00737,C0001,P03,2,79.0,2025-05-27,completed
O00738,C0274,P01,3,129.99,2025-09-09,completed
O00739,C0154,P01,2,129.99,2025-05-30,refunded
O00740,C0119,P01,3,129.99,2025-07-14,completed
O00741,C0211,P07,2,149.0,2025-09-07,completed
O00742,C0367,P07,2,149.0,2025-09-12,completed
O00743,C0041,P07,3,149.0,2025-05-03,refunded
O00744,C0392,P05,2,45.0,2025-11-29,cancelled
O00745,C0273,P05,2,45.0,2025-04-07,completed
O00746,C0094,P03,2,79.0,2025-06-10,cancelled
O00747,C0234,P08,2,39.99,2025-11-15,completed
O00748,C0097,P06,1,89.95,2025-07-14,completed
O00749,C0274,P01,1,129.99,2025-02-22,completed
O00750,C0138,P03,3,79.0,2025-08-13,cancelled
O00751,C0005,P04,1,59.99,2025-08-18,completed
O00752,C0253,P04,2,59.99,2025-08-04,completed
O00753,C0256,P06,2,89.95,2025-03-31,completed
O00754,C0042,P03,1,79.0,2025-06-19,completed
O00755,C0037,P08,1,39.99,2025-10-04,completed
O00756,C0196,P01,1,129.99,2025-05-20,completed
O00757,C0395,P08,1,39.99,2025-03-20,completed
O00758,C0236,P02,3,34.5,2025-12-07,completed
O00759,C0243,P07,3,149.0,2025-06-09,completed
O00760,C0082,P01,3,129.99,2025-10-09,refunded
O00761,C0063,P05,2,45.0,2025-11-23,completed
O00762,C0102,P06,1,89.95,2025-12-08,completed
O00763,C0058,P04,3,59.99,2025-08-11,completed
O00764,C0008,P03,2,79.0,2025-10-27,completed
O00765,C0203,P04,1,59.99,2025-04-07,refunded
O00766,C0354,P08,3,39.99,2025-11-02,completed
O00767,C0191,P02,1,34.5,2025-10-09,completed
O00768,C0047,P06,3,89.95,2025-01-31,completed
O00769,C0183,P03,3,79.0,2025-10-02,completed
O00770,C0065,P08,1,39.99,2025-06-12,refunded
O00771,C0331,P06,2,89.95,2025-08-13,completed
O00772,C0353,P07,2,149.0,2025-03-10,completed
O00773,C0021,P08,3,39.99,2025-10-15,refunded
O00774,C0151,P08,1,39.99,2025-10-25,completed
O00775,C0279,P06,2,89.95,2025-08-28,completed
O00776,C0307,P03,1,79.0,2025-10-16,completed
O00777,C0231,P05,2,45.0,2025-10-05,completed
O00778,C0233,P01,3,129.99,2025-09-17,completed
O00779,C0376,P03,1,79.0,2025-11-14,completed
O00780,C0398,P04,2,59.99,2025-06-05,cancelled
O00781,C0276,P07,1,149.0,2025-09-26,cancelled
O00782,C0255,P03,3,79.0,2025-05-25,completed
O00783,C0210,P06,1,89.95,2025-02-19,refunded
O00784,C0338,P02,1,34.5,2025-09-22,completed
O00785,C0017,P04,1,59.99,2025-09-06,completed
O00786,C0051,P01,3,129.99,2025-11-25,completed
O00787,C0337,P08,3,39.99,2025-11-16,cancelled
O00788,C0303,P05,1,45.0,2025-09-19,completed
O00789,C0311,P02,1,34.5,2025-04-17,cancelled
O00790,C0252,P02,2,34.5,2025-11-24,completed
O00791,C0185,P07,2,149.0,2025-06-18,refunded
O00792,C0137,P01,3,129.99,2025-03-03,completed
O00793,C0040,P04,3,59.99,2025-10-11,completed
O00794,C0372,P04,3,59.99,2025-07-17,completed
O00795,C0099,P04,3,59.99,2025-11-17,completed
O00796,C0286,P07,3,149.0,2025-02-24,cancelled
O00797,C0296,P06,3,89.95,2025-08-23,cancelled
O00798,C0341,P07,1,149.0,2025-08-01,completed
O00799,C0282,P07,3,149.0,2025-06-22,cancelled
O00800,C0081,P08,2,39.99,2025-06-11,refunded
O00801,C0167,P06,2,89.95,2025-11-21,completed
O00802,C0372,P06,3,89.95,2025-06-30,refunded
O00803,C0280,P04,2,59.99,2025-10-09,cancelled
O00804,C0131,P06,2,89.95,2025-08-18,completed
O00805,C0001,P01,2,129.99,2025-11-02,completed
O00806,C0266,P03,2,79.0,2025-02-28,completed
O00807,C0114,P04,2,59.99,2025-05-20,cancelled
O00808,C0142,P03,1,79.0,2025-08-12,completed
O00809,C0183,P03,1,79.0,2025-08-12,completed
O00810,C0299,P04,1,59.99,2025-07-05,completed
O00811,C0048,P07,3,149.0,2025-06-23,cancelled
O00812,C0040,P06,2,89.95,2025-10-11,completed
O00813,C0354,P02,3,34.5,2025-11-25,completed
O00814,C0020,P07,1,149.0,2025-08-23,completed
O00815,C0179,P07,2,149.0,2025-06-15,completed
O00816,C0383,P01,3,129.99,2025-11-20,completed
O00817,C0028,P05,3,45.0,2025-08-21,completed
O00818,C0277,P03,2,79.0,2025-09-15,cancelled
O00819,C0114,P03,1,79.0,2025-12-11,cancelled
O00820,C0202,P08,3,39.99,2025-10-22,refunded
O00821,C0047,P04,2,59.99,2025-05-29,completed
O00822,C0076,P03,2,79.0,2025-08-07,completed
O00823,C0293,P01,3,129.99,2025-08-09,completed
O00824,C0044,P07,3,149.0,2025-10-20,cancelled
O00825,C0067,P03,2,79.0,2025-10-14,completed
O00826,C0250,P07,3,149.0,2025-10-20,completed
O00827,C0288,P04,1,59.99,2025-02-28,completed
O00828,C0398,P07,2,149.0,2025-10-22,completed
O00829,C0058,P07,2,149.0,2025-07-07,completed
O00830,C0098,P06,2,89.95,2025-11-01,cancelled
O00831,C0013,P05,1,45.0,2025-08-21,refunded
O00832,C0227,P03,2,79.0,2025-09-12,completed
O00833,C0103,P06,1,89.95,2025-06-08,completed
O00834,C0379,P01,1,129.99,2025-11-14,completed
O00835,C0148,P01,2,129.99,2025-05-04,completed
O00836,C0231,P08,1,39.99,2025-06-19,completed
O00837,C0379,P04,1,59.99,2025-10-07,refunded
O00838,C0385,P05,3,45.0,2025-10-05,refunded
O00839,C0374,P03,3,79.0,2025-12-09,completed
O00840,C0193,P01,2,129.99,2025-03-29,completed
O00841,C0146,P04,3,59.99,2025-11-13,completed
O00842,C0028,P08,3,39.99,2025-08-21,completed
O00843,C0199,P05,3,45.0,2025-12-04,completed
O00844,C0056,P01,2,129.99,2025-11-29,completed
O00845,C0119,P07,3,149.0,2025-07-14,completed
O00846,C0249,P02,1,34.5,2025-04-12,refunded
O00847,C0235,P01,1,129.99,2025-05-07,refunded
O00848,C0157,P06,2,89.95,2025-07-21,cancelled
O00849,C0081,P01,2,129.99,2025-06-30,completed
O00850,C0321,P05,1,45.0,2025-09-14,completed
O00851,C0032,P05,2,45.0,2025-06-15,refunded
O00852,C0144,P04,1,59.99,2025-10-19,completed
O00853,C0337,P03,1,79.0,2025-09-04,refunded
O00854,C0348,P04,2,59.99,2025-06-04,refunded
O00855,C0079,P07,2,149.0,2025-11-06,completed
O00856,C0230,P03,1,79.0,2025-12-01,completed
O00857,C0298,P04,1,59.99,2025-06-08,cancelled
O00858,C0362,P03,2,79.0,2025-06-11,cancelled
O00859,C0290,P03,2,79.0,2025-04-23,refunded
O00860,C0273,P02,1,34.5,2025-06-12,completed
O00861,C0373,P01,2,129.99,2025-07-31,completed
O00862,C0156,P08,3,39.99,2025-11-23,cancelled
O00863,C0141,P03,1,79.0,2025-09-25,completed
O00864,C0095,P01,3,129.99,2025-11-12,completed
O00865,C0311,P04,3,59.99,2025-04-29,completed
O00866,C0352,P01,2,129.99,2025-06-30,cancelled
O00867,C0400,P08,1,39.99,2025-09-15,refunded
O00868,C0241,P06,1,89.95,2025-07-18,completed
O00869,C0243,P03,1,79.0,2025-05-01,completed
O00870,C0017,P07,1,149.0,2025-06-16,completed
O00871,C0114,P04,1,59.99,2025-05-20,completed
O00872,C0225,P08,3,39.99,2025-06-16,completed
O00873,C0127,P07,2,149.0,2025-07-14,refunded
O00874,C0377,P07,3,149.0,2025-06-10,completed
O00875,C0314,P01,3,129.99,2025-10-20,completed
O00876,C0234,P01,1,129.99,2025-09-23,refunded
O00877,C0203,P01,3,129.99,2025-07-18,refunded
O00878,C0392,P01,1,129.99,2025-06-12,completed
O00879,C0204,P05,2,45.0,2025-08-25,completed
O00880,C0217,P05,3,45.0,2025-03-31,cancelled
O00881,C0265,P03,2,79.0,2025-11-27,completed
O00882,C0047,P02,1,34.5,2025-10-27,cancelled
O00883,C0280,P03,2,79.0,2025-07-31,completed
O00884,C0231,P01,1,129.99,2025-08-21,refunded
O00885,C0365,P04,2,59.99,2025-03-05,completed
O00886,C0166,P03,3,79.0,2025-06-02,completed
O00887,C0059,P08,3,39.99,2025-09-18,completed
O00888,C0269,P07,3,149.0,2025-09-19,refunded
O00889,C0082,P07,3,149.0,2025-07-14,completed
O00890,C0394,P03,2,79.0,2025-10-17,cancelled
O00891,C0077,P03,1,79.0,2025-04-02,cancelled
O00892,C0027,P07,2,149.0,2025-06-24,cancelled
O00893,C0394,P08,2,39.99,2025-11-17,completed
O00894,C0061,P03,1,79.0,2025-05-07,refunded
O00895,C0392,P05,1,45.0,2025-08-23,completed
O00896,C0256,P01,3,129.99,2025-09-10,completed
O00897,C0112,P08,2,39.99,2025-07-29,completed
O00898,C0041,P01,1,129.99,2025-10-08,completed
O00899,C0318,P04,1,59.99,2025-07-10,completed
O00900,C0029,P06,1,89.95,2025-04-02,completed
O00901,C0342,P05,2,45.0,2025-07-17,completed
O00902,C0056,P07,1,149.0,2025-04-08,cancelled
O00903,C0146,P03,2,79.0,2025-10-24,completed
O00904,C0019,P02,2,34.5,2025-06-15,completed
O00905,C0195,P02,2,34.5,2025-10-09,completed
O00906,C0150,P08,1,39.99,2025-05-31,cancelled
O00907,C0141,P06,3,89.95,2025-09-25,refunded
O00908,C0108,P04,3,59.99,2025-10-13,completed
O00909,C0293,P02,2,34.5,2025-11-06,cancelled
O00910,C0148,P07,3,149.0,2025-06-12,completed
O00911,C0270,P06,1,89.95,2025-11-11,refunded
O00912,C0255,P08,2,39.99,2025-04-03,refunded
O00913,C0120,P05,1,45.0,2025-07-19,completed
O00914,C0013,P08,3,39.99,2025-08-21,cancelled
O00915,C0107,P07,2,149.0,2025-08-06,completed
O00916,C0180,P04,1,59.99,2025-11-24,completed
O00917,C0354,P05,2,45.0,2025-10-06,completed
O00918,C0154,P06,1,89.95,2025-04-09,cancelled
O00919,C0171,P06,2,89.95,2025-10-19,refunded
O00920,C0015,P03,1,79.0,2025-06-19,completed
O00921,C0345,P08,2,39.99,2025-03-13,cancelled
O00922,C0070,P08,1,39.99,2025-11-18,completed
O00923,C0275,P06,2,89.95,2025-07-31,cancelled
O00924,C0029,P05,3,45.0,2025-12-14,completed
O00925,C0285,P01,1,129.99,2025-10-23,cancelled
O00926,C0170,P06,1,89.95,2025-03-18,completed
O00927,C0016,P06,2,89.95,2025-11-17,refunded
O00928,C0085,P07,1,149.0,2025-11-01,completed
O00929,C0385,P05,3,45.0,2025-10-05,cancelled
O00930,C0017,P05,2,45.0,2025-06-16,completed
O00931,C0122,P06,2,89.95,2025-07-19,completed
O00932,C0269,P05,1,45.0,2025-08-07,completed
O00933,C0020,P04,1,59.99,2025-08-23,refunded
O00934,C0013,P08,3,39.99,2025-08-21,completed
O00935,C0175,P08,3,39.99,2025-09-26,completed
O00936,C0398,P06,1,89.95,2025-06-05,refunded
O00937,C0347,P03,1,79.0,2025-09-28,completed
O00938,C0199,P02,1,34.5,2025-06-24,completed
O00939,C0352,P02,2,34.5,2025-08-28,completed
O00940,C0053,P05,1,45.0,2025-10-23,completed
O00941,C0328,P04,2,59.99,2025-09-17,completed
O00942,C0147,P05,3,45.0,2025-06-13,completed
O00943,C0344,P02,2,34.5,2025-03-18,completed
O00944,C0141,P02,1,34.5,2025-11-15,refunded
O00945,C0264,P02,1,34.5,2025-10-27,completed
O00946,C0282,P06,2,89.95,2025-03-14,cancelled
O00947,C0146,P04,1,59.99,2025-04-19,completed
O00948,C0314,P06,3,89.95,2025-10-20,completed
O00949,C0067,P01,2,129.99,2025-12-12,completed
O00950,C0055,P07,1,149.0,2025-08-05,completed
O00951,C0201,P03,3,79.0,2025-11-02,refunded
O00952,C0323,P08,3,39.99,2025-10-14,completed
O00953,C0171,P04,3,59.99,2025-12-10,refunded
O00954,C0041,P08,3,39.99,2025-03-09,completed
O00955,C0358,P08,1,39.99,2025-08-22,completed
O00956,C0351,P08,2,39.99,2025-04-29,completed
O00957,C0074,P05,2,45.0,2025-08-05,completed
O00958,C0359,P06,2,89.95,2025-08-21,completed
O00959,C0016,P02,2,34.5,2025-08-25,completed
O00960,C0246,P08,1,39.99,2025-05-25,completed
O00961,C0310,P03,3,79.0,2025-09-17,completed
O00962,C0366,P02,2,34.5,2025-10-12,cancelled
O00963,C0037,P05,3,45.0,2025-10-04,completed
O00964,C0303,P07,1,149.0,2025-11-14,completed
O00965,C0281,P03,2,79.0,2025-07-16,completed
O00966,C0175,P04,3,59.99,2025-10-30,completed
O00967,C0223,P06,3,89.95,2025-07-16,completed
O00968,C0340,P02,3,34.5,2025-10-21,completed
O00969,C0059,P08,2,39.99,2025-10-12,completed
O00970,C0228,P03,2,79.0,2025-07-27,completed
O00971,C0307,P02,3,34.5,2025-11-02,completed
O00972,C0168,P08,3,39.99,2025-12-05,completed
O00973,C0047,P04,1,59.99,2025-10-25,cancelled
O00974,C0001,P03,3,79.0,2025-05-21,completed
O00975,C0273,P05,2,45.0,2025-11-12,refunded
O00976,C0229,P04,1,59.99,2025-12-15,completed
O00977,C0154,P05,2,45.0,2025-06-26,completed
O00978,C0299,P01,3,129.99,2025-09-19,completed
O00979,C0066,P05,1,45.0,2025-10-03,refunded
O00980,C0028,P01,3,129.99,2025-10-14,completed
O00981,C0057,P05,1,45.0,2025-10-05,completed
O00982,C0360,P07,3,149.0,2025-06-12,cancelled
O00983,C0196,P07,2,149.0,2025-08-11,refunded
O00984,C0109,P03,2,79.0,2025-08-26,completed
O00985,C0285,P07,2,149.0,2025-08-02,completed
O00986,C0148,P03,1,79.0,2025-05-04,completed
O00987,C0332,P01,1,129.99,2025-09-07,cancelled
O00988,C0224,P03,1,79.0,2025-10-20,cancelled
O00989,C0213,P08,3,39.99,2025-11-06,completed
O00990,C0320,P03,2,79.0,2025-10-13,completed
O00991,C0283,P08,2,39.99,2025-08-03,completed
O00992,C0096,P07,3,149.0,2025-06-01,refunded
O00993,C0256,P04,3,59.99,2025-09-14,completed
O00994,C0211,P06,1,89.95,2025-09-07,refunded
O00995,C0248,P06,1,89.95,2025-10-25,completed
O00996,C0354,P02,1,34.5,2025-10-06,completed
O00997,C0239,P02,3,34.5,2025-11-09,completed
O00998,C0126,P08,3,39.99,2025-12-06,cancelled
O00999,C0040,P05,3,45.0,2025-10-11,completed
O01000,C0274,P01,2,129.99,2025-08-21,refunded
O01001,C0241,P06,2,89.95,2025-06-30,completed
O01002,C0149,P03,1,79.0,2025-11-02,cancelled
O01003,C0156,P05,1,45.0,2025-11-19,completed
O01004,C0297,P03,3,79.0,2025-07-27,cancelled
O01005,C0150,P01,2,129.99,2025-09-06,completed
O01006,C0065,P02,2,34.5,2025-05-10,completed
O01007,C0316,P05,2,45.0,2025-05-12,completed
O01008,C0380,P02,3,34.5,2025-04-06,refunded
O01009,C0379,P03,3,79.0,2025-08-17,completed
O01010,C0090,P05,3,45.0,2025-08-11,completed
O01011,C0093,P01,2,129.99,2025-08-09,completed
O01012,C0305,P03,2,79.0,2025-07-31,completed
O01013,C0122,P08,3,39.99,2025-11-23,completed
O01014,C0108,P06,1,89.95,2025-11-25,completed
O01015,C0387,P02,1,34.5,2025-04-13,completed
O01016,C0205,P08,2,39.99,2025-09-01,cancelled
O01017,C0386,P04,2,59.99,2025-12-16,cancelled
O01018,C0200,P08,2,39.99,2025-06-02,refunded
O01019,C0223,P01,2,129.99,2025-08-18,completed
O01020,C0348,P06,3,89.95,2025-12-16,completed
O01021,C0050,P06,2,89.95,2025-11-09,cancelled
O01022,C0140,P06,2,89.95,2025-08-24,completed
O01023,C0131,P07,2,149.0,2025-12-12,cancelled
O01024,C0124,P04,3,59.99,2025-10-16,cancelled
O01025,C0354,P03,2,79.0,2025-10-08,completed
O01026,C0345,P01,1,129.99,2025-03-13,completed
O01027,C0051,P02,3,34.5,2025-10-09,completed
O01028,C0113,P05,2,45.0,2025-08-14,completed
O01029,C0013,P02,1,34.5,2025-11-01,cancelled
O01030,C0112,P02,3,34.5,2025-05-22,completed
O01031,C0310,P03,2,79.0,2025-12-03,cancelled
O01032,C0290,P03,1,79.0,2025-04-23,completed
O01033,C0151,P08,3,39.99,2025-10-25,cancelled
O01034,C0233,P05,2,45.0,2025-12-08,completed
O01035,C0132,P03,1,79.0,2025-05-22,completed
O01036,C0196,P07,2,149.0,2025-05-20,completed
O01037,C0136,P03,2,79.0,2025-05-05,completed
O01038,C0103,P07,1,149.0,2025-11-27,completed
O01039,C0056,P03,3,79.0,2025-08-09,completed
O01040,C0315,P02,2,34.5,2025-05-13,completed
O01041,C0018,P02,1,34.5,2025-10-20,cancelled
O01042,C0129,P08,1,39.99,2025-09-12,completed
O01043,C0335,P01,1,129.99,2025-12-07,completed
O01044,C0137,P03,3,79.0,2025-06-18,completed
O01045,C0295,P01,3,129.99,2025-09-09,completed
O01046,C0224,P07,3,149.0,2025-10-20,refunded
O01047,C0116,P01,2,129.99,2025-09-04,completed
O01048,C0291,P06,2,89.95,2025-12-16,completed
O01049,C0206,P01,3,129.99,2025-11-28,completed
O01050,C0188,P06,1,89.95,2025-09-21,completed
O01051,C0332,P04,1,59.99,2025-10-11,completed
O01052,C0197,P04,2,59.99,2025-08-22,completed
O01053,C0323,P06,2,89.95,2025-10-14,cancelled
O01054,C0225,P04,1,59.99,2025-06-01,completed
O01055,C0013,P04,2,59.99,2025-08-21,completed
O01056,C0277,P05,2,45.0,2025-10-01,completed
O01057,C0009,P01,2,129.99,2025-08-24,completed
O01058,C0370,P01,2,129.99,2025-06-01,completed
O01059,C0335,P08,3,39.99,2025-10-02,completed
O01060,C0380,P04,1,59.99,2025-04-06,cancelled
O01061,C0073,P08,3,39.99,2025-09-08,completed
O01062,C0317,P01,1,129.99,2025-11-29,completed
O01063,C0008,P03,3,79.0,2025-07-03,completed
O01064,C0050,P08,3,39.99,2025-05-23,refunded
O01065,C0033,P02,1,34.5,2025-09-12,refunded
O01066,C0316,P04,1,59.99,2025-04-14,completed
O01067,C0173,P07,2,149.0,2025-04-12,cancelled
O01068,C0295,P03,2,79.0,2025-07-23,completed
O01069,C0304,P03,2,79.0,2025-03-17,completed
O01070,C0141,P03,2,79.0,2025-09-25,cancelled
O01071,C0190,P03,2,79.0,2025-09-13,refunded
O01072,C0021,P03,1,79.0,2025-11-20,refunded
O01073,C0193,P03,1,79.0,2025-09-07,completed
O01074,C0004,P01,1,129.99,2025-02-15,cancelled
O01075,C0334,P05,2,45.0,2025-09-01,cancelled
O01076,C0065,P04,1,59.99,2025-11-24,completed
O01077,C0268,P08,2,39.99,2025-07-24,completed
O01078,C0313,P01,3,129.99,2025-10-25,cancelled
O01079,C0256,P02,3,34.5,2025-06-04,completed
O01080,C0215,P01,3,129.99,2025-05-31,completed
O01081,C0061,P02,3,34.5,2025-07-05,refunded
O01082,C0260,P04,2,59.99,2025-11-17,cancelled
O01083,C0107,P05,1,45.0,2025-08-06,completed
O01084,C0077,P08,2,39.99,2025-04-01,completed
O01085,C0344,P01,1,129.99,2025-11-27,completed
O01086,C0146,P04,2,59.99,2025-05-09,completed
O01087,C0316,P08,1,39.99,2025-02-23,cancelled
O01088,C0027,P03,1,79.0,2025-06-24,completed
O01089,C0264,P02,1,34.5,2025-10-27,cancelled
O01090,C0228,P06,2,89.95,2025-04-12,cancelled
O01091,C0347,P06,1,89.95,2025-09-28,completed
O01092,C0117,P02,1,34.5,2025-10-05,completed
O01093,C0193,P04,1,59.99,2025-08-30,refunded
O01094,C0249,P01,2,129.99,2025-03-16,completed
O01095,C0313,P08,1,39.99,2025-10-25,completed
O01096,C0070,P08,3,39.99,2025-04-10,cancelled
O01097,C0184,P05,1,45.0,2025-07-29,completed
O01098,C0017,P01,2,129.99,2025-06-16,completed
O01099,C0239,P08,2,39.99,2025-04-30,completed
O01100,C0113,P05,3,45.0,2025-08-14,cancelled
O01101,C0314,P03,3,79.0,2025-10-20,completed
O01102,C0045,P07,3,149.0,2025-09-08,completed
O01103,C0303,P08,2,39.99,2025-09-19,completed
O01104,C0374,P07,3,149.0,2025-09-20,completed
O01105,C0168,P07,3,149.0,2025-04-24,refunded
O01106,C0077,P01,2,129.99,2025-03-18,completed
O01107,C0241,P01,2,129.99,2025-09-29,completed
O01108,C0246,P02,2,34.5,2025-09-11,completed
O01109,C0043,P01,3,129.99,2025-09-06,completed
O01110,C0068,P06,2,89.95,2025-05-03,cancelled
O01111,C0047,P01,2,129.99,2025-12-09,completed
O01112,C0083,P08,3,39.99,2025-10-26,completed
O01113,C0233,P08,1,39.99,2025-09-14,completed
O01114,C0190,P08,3,39.99,2025-11-21,completed
O01115,C0322,P02,2,34.5,2025-06-20,refunded
O01116,C0017,P05,2,45.0,2025-06-16,cancelled
O01117,C0314,P04,3,59.99,2025-10-20,refunded
O01118,C0172,P01,3,129.99,2025-12-12,completed
O01119,C0027,P02,2,34.5,2025-07-07,completed
O01120,C0317,P01,2,129.99,2025-07-07,completed
O01121,C0332,P02,3,34.5,2025-05-02,completed
O01122,C0172,P04,3,59.99,2025-08-21,cancelled
O01123,C0245,P04,3,59.99,2025-04-26,completed
O01124,C0181,P05,3,45.0,2025-12-15,completed
O01125,C0142,P01,1,129.99,2025-08-12,completed
O01126,C0232,P08,3,39.99,2025-09-27,completed
O01127,C0241,P05,2,45.0,2025-11-14,completed
O01128,C0345,P02,1,34.5,2025-08-23,completed
O01129,C0042,P07,1,149.0,2025-06-19,completed
O01130,C0056,P03,2,79.0,2025-04-08,cancelled
O01131,C0076,P08,1,39.99,2025-08-07,refunded
O01132,C0322,P01,2,129.99,2025-08-02,cancelled
O01133,C0278,P03,2,79.0,2025-10-15,completed
O01134,C0228,P01,2,129.99,2025-04-08,completed
O01135,C0012,P04,3,59.99,2025-11-27,completed
O01136,C0211,P06,3,89.95,2025-11-27,completed
O01137,C0249,P08,2,39.99,2025-06-05,refunded
O01138,C0068,P05,1,45.0,2025-05-14,completed
O01139,C0248,P06,2,89.95,2025-07-03,completed
O01140,C0181,P05,2,45.0,2025-05-18,refunded
O01141,C0083,P05,1,45.0,2025-05-08,cancelled
O01142,C0355,P03,1,79.0,2025-08-29,completed
O01143,C0022,P06,3,89.95,2025-07-24,completed
O01144,C0134,P06,1,89.95,2025-06-09,refunded
O01145,C0363,P01,3,129.99,2025-08-31,completed
O01146,C0076,P06,2,89.95,2025-10-04,completed
O01147,C0274,P05,1,45.0,2025-01-27,completed
O01148,C0256,P03,2,79.0,2025-06-13,completed
O01149,C0003,P06,3,89.95,2025-06-01,completed
O01150,C0149,P03,3,79.0,2025-09-01,completed
O01151,C0353,P02,3,34.5,2025-09-03,completed
O01152,C0072,P02,2,34.5,2025-04-18,completed
O01153,C0317,P04,2,59.99,2025-07-02,completed
O01154,C0168,P01,3,129.99,2025-11-25,completed
O01155,C0299,P04,2,59.99,2025-07-05,completed
O01156,C0043,P08,3,39.99,2025-12-10,completed
O01157,C0263,P07,1,149.0,2025-09-09,completed
O01158,C0309,P01,3,129.99,2025-08-15,completed
O01159,C0076,P07,2,149.0,2025-08-07,completed
O01160,C0007,P05,2,45.0,2025-06-29,completed
O01161,C0229,P02,1,34.5,2025-08-16,cancelled
O01162,C0213,P08,2,39.99,2025-03-25,cancelled
O01163,C0218,P07,1,149.0,2025-10-28,refunded
O01164,C0045,P03,1,79.0,2025-07-28,completed
O01165,C0269,P06,1,89.95,2025-10-30,completed
O01166,C0046,P01,2,129.99,2025-11-24,completed
O01167,C0213,P03,3,79.0,2025-08-25,cancelled
O01168,C0291,P03,1,79.0,2025-04-15,completed
O01169,C0149,P08,1,39.99,2025-09-01,refunded
O01170,C0156,P08,3,39.99,2025-08-26,completed
O01171,C0014,P01,1,129.99,2025-05-15,completed
O01172,C0328,P08,1,39.99,2025-12-01,cancelled
O01173,C0148,P07,1,149.0,2025-09-09,cancelled
O01174,C0331,P04,1,59.99,2025-08-13,completed
O01175,C0253,P02,3,34.5,2025-07-05,refunded
O01176,C0247,P07,2,149.0,2025-11-18,cancelled
O01177,C0244,P02,2,34.5,2025-09-20,cancelled
O01178,C0295,P01,2,129.99,2025-07-23,refunded
O01179,C0030,P03,2,79.0,2025-09-17,cancelled
O01180,C0070,P06,1,89.95,2025-02-23,completed
O01181,C0185,P07,3,149.0,2025-07-02,completed
O01182,C0149,P05,3,45.0,2025-11-24,completed
O01183,C0264,P04,3,59.99,2025-10-27,completed
O01184,C0307,P03,3,79.0,2025-10-16,completed
O01185,C0351,P05,2,45.0,2025-07-05,completed
O01186,C0274,P06,1,89.95,2025-01-27,completed
O01187,C0266,P05,2,45.0,2025-09-06,completed
O01188,C0175,P03,1,79.0,2025-04-22,completed
O01189,C0258,P04,1,59.99,2025-10-14,refunded
O01190,C0354,P02,2,34.5,2025-10-06,completed
O01191,C0060,P03,1,79.0,2025-09-03,completed
O01192,C0160,P06,1,89.95,2025-08-15,refunded
O01193,C0268,P06,1,89.95,2025-07-24,completed
O01194,C0382,P02,1,34.5,2025-05-27,cancelled
O01195,C0073,P04,2,59.99,2025-09-08,completed
O01196,C0067,P02,2,34.5,2025-06-28,completed
O01197,C0010,P08,2,39.99,2025-10-10,completed
O01198,C0056,P01,3,129.99,2025-09-20,refunded
O01199,C0031,P08,1,39.99,2025-05-10,completed
O01200,C0034,P05,3,45.0,2025-02-10,completed
O01201,C0064,P04,3,59.99,2025-04-13,completed
O01202,C0344,P06,1,89.95,2025-03-12,completed
O01203,C0383,P05,3,45.0,2025-06-28,completed
O01204,C0083,P04,3,59.99,2025-10-19,completed
O01205,C0051,P01,3,129.99,2025-10-09,cancelled
O01206,C0099,P05,1,45.0,2025-10-03,completed
O01207,C0372,P02,1,34.5,2025-09-16,cancelled
O01208,C0244,P06,3,89.95,2025-10-29,completed
O01209,C0226,P02,1,34.5,2025-07-01,completed
O01210,C0218,P04,3,59.99,2025-05-04,completed
O01211,C0058,P06,1,89.95,2025-08-27,completed
O01212,C0267,P03,2,79.0,2025-08-20,cancelled
O01213,C0148,P01,1,129.99,2025-06-17,completed
O01214,C0060,P07,2,149.0,2025-08-22,refunded
O01215,C0377,P05,3,45.0,2025-08-16,completed
O01216,C0284,P07,2,149.0,2025-08-08,completed
O01217,C0036,P08,3,39.99,2025-07-08,completed
O01218,C0007,P08,3,39.99,2025-06-22,completed
O01219,C0225,P02,1,34.5,2025-06-01,completed
O01220,C0206,P02,3,34.5,2025-03-28,completed
O01221,C0187,P04,2,59.99,2025-06-11,refunded
O01222,C0207,P02,1,34.5,2025-08-14,cancelled
O01223,C0256,P05,3,45.0,2025-10-25,refunded
O01224,C0140,P07,2,149.0,2025-09-01,cancelled
O01225,C0309,P07,2,149.0,2025-09-19,completed
O01226,C0076,P08,1,39.99,2025-08-07,completed
O01227,C0251,P08,1,39.99,2025-11-18,completed
O01228,C0016,P02,3,34.5,2025-08-25,completed
O01229,C0256,P01,1,129.99,2025-07-15,refunded
O01230,C0348,P06,1,89.95,2025-06-05,refunded
O01231,C0320,P02,1,34.5,2025-12-05,refunded
O01232,C0393,P08,2,39.99,2025-09-22,completed
O01233,C0339,P08,2,39.99,2025-09-16,completed
O01234,C0278,P06,3,89.95,2025-10-15,completed
O01235,C0392,P01,2,129.99,2025-06-12,completed
O01236,C0231,P06,2,89.95,2025-08-15,completed
O01237,C0019,P01,1,129.99,2025-10-13,cancelled
O01238,C0400,P05,3,45.0,2025-06-22,completed
O01239,C0221,P03,2,79.0,2025-08-15,completed
O01240,C0392,P02,3,34.5,2025-12-12,completed
O01241,C0338,P08,2,39.99,2025-10-15,completed
O01242,C0260,P01,2,129.99,2025-09-24,completed
O01243,C0303,P07,3,149.0,2025-12-13,completed
O01244,C0393,P05,2,45.0,2025-09-22,completed
O01245,C0303,P01,1,129.99,2025-09-19,completed
O01246,C0380,P01,3,129.99,2025-06-24,completed
O01247,C0050,P07,2,149.0,2025-07-02,completed
O01248,C0180,P01,3,129.99,2025-05-06,completed
O01249,C0121,P05,3,45.0,2025-04-23,cancelled
O01250,C0034,P05,1,45.0,2025-06-22,completed
O01251,C0011,P06,1,89.95,2025-08-24,cancelled
O01252,C0217,P07,2,149.0,2025-03-31,cancelled
O01253,C0241,P01,2,129.99,2025-07-13,refunded
O01254,C0200,P06,3,89.95,2025-06-02,completed
O01255,C0052,P04,2,59.99,2025-09-12,refunded
O01256,C0392,P06,1,89.95,2025-11-11,completed
O01257,C0187,P07,1,149.0,2025-09-12,cancelled
O01258,C0039,P04,2,59.99,2025-05-16,completed
O01259,C0153,P07,1,149.0,2025-11-16,cancelled
O01260,C0048,P02,3,34.5,2025-06-23,completed
O01261,C0035,P08,2,39.99,2025-09-30,completed
O01262,C0040,P05,3,45.0,2025-10-11,completed
O01263,C0340,P06,1,89.95,2025-08-01,completed
O01264,C0129,P08,3,39.99,2025-10-08,completed
O01265,C0010,P03,3,79.0,2025-10-10,completed
O01266,C0339,P08,2,39.99,2025-11-23,refunded
O01267,C0315,P07,3,149.0,2025-11-17,completed
O01268,C0268,P04,2,59.99,2025-08-25,completed
O01269,C0124,P03,3,79.0,2025-10-16,completed
O01270,C0211,P06,1,89.95,2025-11-21,completed
O01271,C0212,P05,2,45.0,2025-11-27,completed
O01272,C0132,P04,2,59.99,2025-05-03,completed
O01273,C0077,P04,1,59.99,2025-05-06,completed
O01274,C0238,P08,3,39.99,2025-08-12,completed
O01275,C0332,P01,1,129.99,2025-05-02,completed
O01276,C0070,P01,2,129.99,2025-05-23,cancelled
O01277,C0282,P03,3,79.0,2025-03-14,cancelled
O01278,C0249,P01,1,129.99,2025-03-04,completed
O01279,C0309,P05,1,45.0,2025-08-15,completed
O01280,C0344,P02,2,34.5,2025-03-13,completed
O01281,C0058,P02,3,34.5,2025-12-07,refunded
O01282,C0397,P05,2,45.0,2025-05-09,completed
O01283,C0308,P02,2,34.5,2025-06-18,refunded
O01284,C0378,P07,3,149.0,2025-05-01,completed
O01285,C0112,P03,1,79.0,2025-05-22,completed
O01286,C0141,P08,2,39.99,2025-09-25,refunded
O01287,C0029,P08,3,39.99,2025-07-11,cancelled
O01288,C0058,P06,3,89.95,2025-08-05,completed
O01289,C0350,P04,2,59.99,2025-10-02,completed
O01290,C0244,P06,2,89.95,2025-07-09,cancelled
O01291,C0311,P01,3,129.99,2025-12-06,completed
O01292,C0354,P04,2,59.99,2025-10-10,completed
O01293,C0159,P06,3,89.95,2025-03-06,refunded
O01294,C0122,P08,2,39.99,2025-07-19,completed
O01295,C0131,P05,1,45.0,2025-05-01,completed
O01296,C0108,P03,2,79.0,2025-11-20,completed
O01297,C0393,P07,1,149.0,2025-09-22,completed
O01298,C0400,P08,2,39.99,2025-07-31,completed
O01299,C0368,P07,1,149.0,2025-08-06,cancelled
O01300,C0134,P02,2,34.5,2025-08-04,refunded
O01301,C0374,P06,2,89.95,2025-09-20,completed
O01302,C0329,P03,3,79.0,2025-08-16,cancelled
O01303,C0070,P01,2,129.99,2025-04-13,cancelled
O01304,C0157,P06,3,89.95,2025-06-04,completed
O01305,C0081,P04,3,59.99,2025-11-29,completed
O01306,C0305,P07,2,149.0,2025-08-20,completed
O01307,C0377,P03,2,79.0,2025-03-30,cancelled
O01308,C0304,P06,2,89.95,2025-04-12,completed
O01309,C0213,P06,1,89.95,2025-07-21,completed
O01310,C0293,P04,1,59.99,2025-08-09,refunded
O01311,C0332,P04,1,59.99,2025-08-25,completed
O01312,C0135,P03,1,79.0,2025-10-22,refunded
O01313,C0220,P05,1,45.0,2025-02-15,completed
O01314,C0088,P02,1,34.5,2025-10-02,completed
O01315,C0396,P08,3,39.99,2025-09-11,completed
O01316,C0115,P04,1,59.99,2025-05-17,completed
O01317,C0383,P08,2,39.99,2025-03-08,completed
O01318,C0106,P04,2,59.99,2025-12-13,completed
O01319,C0215,P03,2,79.0,2025-05-31,completed
O01320,C0149,P05,1,45.0,2025-11-13,completed
O01321,C0128,P06,3,89.95,2025-11-28,completed
O01322,C0044,P01,2,129.99,2025-10-20,completed
O01323,C0355,P07,3,149.0,2025-08-29,cancelled
O01324,C0197,P07,3,149.0,2025-11-02,completed
O01325,C0038,P02,3,34.5,2025-07-11,completed
O01326,C0171,P04,2,59.99,2025-07-01,refunded
O01327,C0344,P01,1,129.99,2025-05-10,refunded
O01328,C0318,P07,2,149.0,2025-07-22,cancelled
O01329,C0190,P03,3,79.0,2025-09-13,refunded
O01330,C0092,P05,1,45.0,2025-09-15,completed
O01331,C0174,P08,1,39.99,2025-03-18,completed
O01332,C0364,P07,1,149.0,2025-07-02,completed
O01333,C0161,P01,1,129.99,2025-09-13,completed
O01334,C0383,P06,2,89.95,2025-05-25,completed
O01335,C0314,P05,3,45.0,2025-10-20,completed
O01336,C0085,P06,3,89.95,2025-09-09,completed
O01337,C0285,P08,1,39.99,2025-04-07,completed
O01338,C0028,P04,1,59.99,2025-08-21,completed
O01339,C0134,P03,3,79.0,2025-08-28,completed
O01340,C0060,P08,1,39.99,2025-08-15,completed
O01341,C0364,P08,2,39.99,2025-09-10,completed
O01342,C0369,P03,1,79.0,2025-06-28,completed
O01343,C0105,P05,1,45.0,2025-08-01,cancelled
O01344,C0261,P05,3,45.0,2025-12-06,refunded
O01345,C0109,P01,3,129.99,2025-10-20,completed
O01346,C0214,P02,1,34.5,2025-09-13,cancelled
O01347,C0049,P06,1,89.95,2025-10-02,cancelled
O01348,C0349,P02,2,34.5,2025-08-23,refunded
O01349,C0055,P06,1,89.95,2025-08-05,completed
O01350,C0236,P08,2,39.99,2025-11-18,completed
O01351,C0305,P01,2,129.99,2025-04-12,cancelled
O01352,C0319,P08,2,39.99,2025-10-19,completed
O01353,C0109,P01,3,129.99,2025-08-26,completed
O01354,C0029,P02,3,34.5,2025-11-05,completed
O01355,C0048,P07,2,149.0,2025-06-23,completed
O01356,C0395,P07,1,149.0,2025-03-20,completed
O01357,C0084,P07,2,149.0,2025-05-26,cancelled
O01358,C0386,P03,1,79.0,2025-06-02,completed
O01359,C0222,P05,3,45.0,2025-11-05,completed
O01360,C0184,P02,2,34.5,2025-09-20,completed
O01361,C0251,P08,2,39.99,2025-10-17,completed
O01362,C0289,P07,1,149.0,2025-09-07,completed
O01363,C0315,P03,2,79.0,2025-11-19,completed
O01364,C0048,P01,3,129.99,2025-06-24,completed
O01365,C0347,P04,3,59.99,2025-09-28,completed
O01366,C0270,P02,2,34.5,2025-08-28,completed
O01367,C0041,P08,2,39.99,2025-03-18,completed
O01368,C0351,P05,1,45.0,2025-09-25,completed
O01369,C0152,P01,3,129.99,2025-10-09,completed
O01370,C0263,P02,3,34.5,2025-08-06,completed
O01371,C0049,P08,3,39.99,2025-10-19,completed
O01372,C0182,P05,3,45.0,2025-09-23,refunded
O01373,C0009,P02,3,34.5,2025-12-05,completed
O01374,C0092,P03,2,79.0,2025-01-24,completed
O01375,C0214,P05,2,45.0,2025-10-28,cancelled
O01376,C0233,P08,3,39.99,2025-09-14,completed
O01377,C0096,P04,1,59.99,2025-06-01,cancelled
O01378,C0310,P05,3,45.0,2025-09-17,completed
O01379,C0274,P01,1,129.99,2025-07-22,completed
O01380,C0007,P03,3,79.0,2025-09-02,completed
O01381,C0355,P07,3,149.0,2025-11-05,cancelled
O01382,C0250,P05,3,45.0,2025-11-12,completed
O01383,C0354,P07,2,149.0,2025-10-06,completed
O01384,C0070,P01,1,129.99,2025-02-27,completed
O01385,C0357,P04,1,59.99,2025-05-04,completed
O01386,C0333,P03,3,79.0,2025-08-18,completed
O01387,C0321,P04,1,59.99,2025-06-04,completed
O01388,C0076,P08,2,39.99,2025-08-07,completed
O01389,C0086,P03,3,79.0,2025-08-16,completed
O01390,C0242,P01,2,129.99,2025-10-27,completed
O01391,C0104,P05,3,45.0,2025-07-20,completed
O01392,C0171,P01,1,129.99,2025-11-19,cancelled
O01393,C0222,P07,2,149.0,2025-10-24,refunded
O01394,C0375,P05,1,45.0,2025-09-07,completed
O01395,C0249,P08,1,39.99,2025-03-04,refunded
O01396,C0010,P07,3,149.0,2025-10-10,refunded
O01397,C0033,P05,3,45.0,2025-08-02,completed
O01398,C0060,P08,3,39.99,2025-11-27,completed
O01399,C0230,P07,1,149.0,2025-10-24,completed
O01400,C0372,P04,2,59.99,2025-06-30,completed
O01401,C0119,P04,3,59.99,2025-07-14,refunded
O01402,C0367,P08,1,39.99,2025-09-12,cancelled
O01403,C0365,P07,2,149.0,2025-12-11,cancelled
O01404,C0377,P06,2,89.95,2025-03-24,refunded
O01405,C0107,P05,3,45.0,2025-08-06,cancelled
O01406,C0248,P03,1,79.0,2025-07-03,completed
O01407,C0311,P08,1,39.99,2025-08-01,completed
O01408,C0156,P04,1,59.99,2025-10-13,completed
O01409,C0010,P06,2,89.95,2025-10-10,cancelled
O01410,C0082,P03,3,79.0,2025-01-17,completed
O01411,C0173,P07,1,149.0,2025-11-13,completed
O01412,C0062,P04,2,59.99,2025-05-13,completed
O01413,C0182,P01,3,129.99,2025-09-23,completed
O01414,C0354,P02,3,34.5,2025-10-06,completed
O01415,C0235,P02,1,34.5,2025-11-09,refunded
O01416,C0053,P01,3,129.99,2025-04-20,completed
O01417,C0323,P02,1,34.5,2025-10-14,completed
O01418,C0373,P05,3,45.0,2025-08-15,refunded
O01419,C0256,P02,1,34.5,2025-11-28,completed
O01420,C0172,P03,1,79.0,2025-08-21,completed
O01421,C0213,P01,1,129.99,2025-08-31,completed
O01422,C0147,P03,1,79.0,2025-05-22,completed
O01423,C0367,P07,2,149.0,2025-11-19,cancelled
O01424,C0126,P03,3,79.0,2025-08-04,completed
O01425,C0071,P07,2,149.0,2025-10-11,completed
O01426,C0265,P06,1,89.95,2025-09-29,completed
O01427,C0395,P01,3,129.99,2025-09-22,completed
O01428,C0044,P06,2,89.95,2025-10-20,completed
O01429,C0223,P01,2,129.99,2025-07-16,cancelled
O01430,C0329,P03,3,79.0,2025-06-22,cancelled
O01431,C0366,P05,2,45.0,2025-08-14,cancelled
O01432,C0359,P05,3,45.0,2025-06-10,completed
O01433,C0005,P05,3,45.0,2025-11-09,completed
O01434,C0359,P07,2,149.0,2025-11-26,completed
O01435,C0279,P08,3,39.99,2025-06-26,cancelled
O01436,C0208,P04,2,59.99,2025-03-15,completed
O01437,C0276,P06,2,89.95,2025-09-04,refunded
O01438,C0277,P05,1,45.0,2025-07-08,refunded
O01439,C0283,P05,3,45.0,2025-08-03,cancelled
O01440,C0082,P01,1,129.99,2025-10-04,refunded
O01441,C0133,P04,2,59.99,2025-08-05,refunded
O01442,C0057,P01,2,129.99,2025-10-05,cancelled
O01443,C0260,P06,1,89.95,2025-09-24,cancelled
O01444,C0064,P08,2,39.99,2025-10-21,cancelled
O01445,C0003,P08,2,39.99,2025-05-01,cancelled
O01446,C0298,P04,2,59.99,2025-06-03,completed
O01447,C0342,P03,3,79.0,2025-07-17,refunded
O01448,C0378,P04,1,59.99,2025-06-17,refunded
O01449,C0299,P04,2,59.99,2025-08-21,completed
O01450,C0076,P07,2,149.0,2025-08-07,completed
O01451,C0032,P07,1,149.0,2025-09-01,completed
O01452,C0229,P02,2,34.5,2025-12-13,refunded
O01453,C0207,P07,2,149.0,2025-10-27,completed
O01454,C0326,P07,2,149.0,2025-09-08,cancelled
O01455,C0214,P03,1,79.0,2025-09-16,completed
O01456,C0249,P08,1,39.99,2025-09-20,refunded
O01457,C0061,P04,2,59.99,2025-08-31,completed
O01458,C0383,P03,3,79.0,2025-07-09,completed
O01459,C0309,P07,1,149.0,2025-08-15,completed
O01460,C0293,P05,1,45.0,2025-09-25,completed
O01461,C0061,P06,2,89.95,2025-07-11,completed
O01462,C0151,P08,1,39.99,2025-10-25,completed
O01463,C0302,P07,1,149.0,2025-06-06,completed
O01464,C0111,P03,3,79.0,2025-09-08,completed
O01465,C0063,P06,1,89.95,2025-04-15,completed
O01466,C0247,P05,3,45.0,2025-08-20,completed
O01467,C0194,P08,3,39.99,2025-11-07,completed
O01468,C0391,P03,3,79.0,2025-11-22,completed
O01469,C0390,P08,3,39.99,2025-08-18,completed
O01470,C0373,P06,1,89.95,2025-11-16,cancelled
O01471,C0320,P07,2,149.0,2025-10-13,completed
O01472,C0174,P01,3,129.99,2025-08-15,cancelled
O01473,C0143,P02,1,34.5,2025-02-14,refunded
O01474,C0323,P05,3,45.0,2025-11-27,completed
O01475,C0330,P02,1,34.5,2025-11-13,refunded
O01476,C0296,P01,3,129.99,2025-09-25,completed
O01477,C0385,P08,3,39.99,2025-10-05,completed
O01478,C0338,P03,1,79.0,2025-09-22,completed
O01479,C0126,P08,1,39.99,2025-10-01,refunded
O01480,C0165,P07,3,149.0,2025-04-26,completed
O01481,C0012,P06,2,89.95,2025-04-03,completed
O01482,C0013,P06,2,89.95,2025-08-21,completed
O01483,C0059,P02,3,34.5,2025-09-18,completed
O01484,C0074,P03,2,79.0,2025-08-05,completed
O01485,C0158,P07,3,149.0,2025-03-28,completed
O01486,C0315,P06,1,89.95,2025-03-19,cancelled
O01487,C0030,P05,2,45.0,2025-09-17,completed
O01488,C0073,P07,2,149.0,2025-09-08,completed
O01489,C0062,P01,1,129.99,2025-05-03,refunded
O01490,C0301,P04,2,59.99,2025-09-18,refunded
O01491,C0198,P02,2,34.5,2025-09-18,completed
O01492,C0238,P07,1,149.0,2025-09-05,completed
O01493,C0209,P04,1,59.99,2025-08-29,refunded
O01494,C0301,P02,1,34.5,2025-10-12,cancelled
O01495,C0065,P05,3,45.0,2025-07-28,completed
O01496,C0043,P04,1,59.99,2025-09-06,refunded
O01497,C0087,P04,3,59.99,2025-08-05,refunded
O01498,C0232,P01,1,129.99,2025-08-26,refunded
O01499,C0149,P03,1,79.0,2025-09-01,completed
O01500,C0140,P05,3,45.0,2025-08-24,completed
O01501,C0324,P04,3,59.99,2025-09-27,completed
O01502,C0024,P03,3,79.0,2025-10-01,refunded
O01503,C0036,P05,1,45.0,2025-07-22,cancelled
O01504,C0063,P03,3,79.0,2025-10-12,completed
O01505,C0222,P04,3,59.99,2025-09-16,completed
O01506,C0350,P06,3,89.95,2025-10-02,cancelled
O01507,C0232,P05,1,45.0,2025-12-06,completed
O01508,C0175,P04,2,59.99,2025-11-03,completed
O01509,C0009,P03,3,79.0,2025-08-24,refunded
O01510,C0244,P01,1,129.99,2025-12-11,completed
O01511,C0212,P08,2,39.99,2025-10-03,completed
O01512,C0333,P02,3,34.5,2025-08-18,cancelled
O01513,C0228,P02,2,34.5,2025-07-12,refunded
O01514,C0184,P07,1,149.0,2025-07-29,completed
O01515,C0237,P06,1,89.95,2025-10-02,completed
O01516,C0114,P01,2,129.99,2025-12-15,cancelled
O01517,C0184,P04,1,59.99,2025-11-11,cancelled
O01518,C0156,P04,1,59.99,2025-09-10,completed
O01519,C0019,P05,2,45.0,2025-11-07,completed
O01520,C0004,P04,3,59.99,2025-07-22,completed
O01521,C0143,P08,1,39.99,2025-10-10,completed
O01522,C0338,P03,1,79.0,2025-10-29,completed
O01523,C0382,P02,1,34.5,2025-05-27,refunded
O01524,C0117,P05,1,45.0,2025-12-14,completed
O01525,C0355,P05,3,45.0,2025-10-14,completed
O01526,C0002,P07,3,149.0,2025-12-11,cancelled
O01527,C0027,P06,2,89.95,2025-07-28,completed
O01528,C0063,P08,2,39.99,2025-07-05,refunded
O01529,C0389,P01,3,129.99,2025-10-10,completed
O01530,C0143,P07,3,149.0,2025-08-18,completed
O01531,C0003,P07,1,149.0,2025-06-21,completed
O01532,C0293,P01,3,129.99,2025-08-09,cancelled
O01533,C0217,P02,1,34.5,2025-04-11,completed
O01534,C0169,P05,1,45.0,2025-11-17,cancelled
O01535,C0050,P01,2,129.99,2025-08-10,completed
O01536,C0304,P06,2,89.95,2025-05-07,completed
O01537,C0243,P04,2,59.99,2025-05-01,completed
O01538,C0267,P04,1,59.99,2025-11-04,refunded
O01539,C0225,P02,3,34.5,2025-08-17,refunded
O01540,C0064,P02,1,34.5,2025-03-09,completed
O01541,C0161,P02,1,34.5,2025-04-05,completed
O01542,C0029,P05,3,45.0,2025-11-17,completed
O01543,C0034,P02,3,34.5,2025-02-10,refunded
O01544,C0027,P05,2,45.0,2025-07-25,completed
O01545,C0317,P07,1,149.0,2025-11-03,cancelled
O01546,C0320,P01,2,129.99,2025-10-13,completed
O01547,C0220,P02,2,34.5,2025-11-30,cancelled
O01548,C0014,P08,3,39.99,2025-06-18,refunded
O01549,C0099,P02,1,34.5,2025-08-09,refunded
O01550,C0366,P02,3,34.5,2025-08-14,refunded
O01551,C0065,P05,2,45.0,2025-08-04,completed
O01552,C0372,P08,1,39.99,2025-06-30,completed
O01553,C0023,P01,1,129.99,2025-09-10,refunded
O01554,C0224,P06,2,89.95,2025-10-26,refunded
O01555,C0398,P03,1,79.0,2025-08-29,completed
O01556,C0309,P06,2,89.95,2025-08-15,completed
O01557,C0266,P03,1,79.0,2025-05-02,refunded
O01558,C0287,P01,2,129.99,2025-08-15,completed
O01559,C0103,P04,1,59.99,2025-06-24,completed
O01560,C0342,P08,3,39.99,2025-08-28,refunded
O01561,C0355,P06,3,89.95,2025-10-17,completed
O01562,C0316,P05,2,45.0,2025-06-18,completed
O01563,C0054,P08,1,39.99,2025-09-11,completed
O01564,C0002,P04,3,59.99,2025-04-28,completed
O01565,C0320,P04,1,59.99,2025-10-13,cancelled
O01566,C0394,P06,3,89.95,2025-08-10,completed
O01567,C0205,P03,1,79.0,2025-07-15,completed
O01568,C0038,P06,1,89.95,2025-10-12,completed
O01569,C0073,P05,2,45.0,2025-09-08,cancelled
O01570,C0300,P06,1,89.95,2025-08-12,completed
O01571,C0102,P05,1,45.0,2025-09-21,completed
O01572,C0369,P03,2,79.0,2025-10-11,completed
O01573,C0092,P04,1,59.99,2025-04-01,completed
O01574,C0052,P01,3,129.99,2025-05-02,completed
O01575,C0336,P02,2,34.5,2025-04-18,completed
O01576,C0234,P04,2,59.99,2025-07-10,cancelled
O01577,C0088,P07,3,149.0,2025-10-02,completed
O01578,C0074,P03,1,79.0,2025-08-05,refunded
O01579,C0194,P06,2,89.95,2025-11-03,completed
O01580,C0326,P04,1,59.99,2025-11-12,refunded
O01581,C0097,P05,1,45.0,2025-07-14,completed
O01582,C0028,P05,1,45.0,2025-09-18,refunded
O01583,C0251,P04,3,59.99,2025-10-17,completed
O01584,C0340,P02,1,34.5,2025-09-18,completed
O01585,C0385,P06,2,89.95,2025-10-05,completed
O01586,C0092,P06,3,89.95,2025-07-11,refunded
O01587,C0356,P08,3,39.99,2025-09-11,completed
O01588,C0138,P07,3,149.0,2025-10-26,cancelled
O01589,C0019,P04,1,59.99,2025-06-11,completed
O01590,C0121,P07,1,149.0,2025-06-06,completed
O01591,C0194,P03,2,79.0,2025-07-28,refunded
O01592,C0044,P03,1,79.0,2025-10-20,completed
O01593,C0266,P06,1,89.95,2025-10-26,completed
O01594,C0239,P06,2,89.95,2025-08-19,completed
O01595,C0222,P07,2,149.0,2025-09-12,completed
O01596,C0140,P07,1,149.0,2025-08-24,completed
O01597,C0120,P05,3,45.0,2025-07-19,completed
O01598,C0043,P05,3,45.0,2025-09-20,refunded
O01599,C0330,P02,2,34.5,2025-04-27,completed
O01600,C0061,P02,2,34.5,2025-05-07,refunded
O01601,C0103,P06,1,89.95,2025-12-12,completed
O01602,C0129,P05,3,45.0,2025-12-16,completed
O01603,C0098,P03,3,79.0,2025-10-08,completed
O01604,C0005,P05,2,45.0,2025-08-18,completed
O01605,C0208,P01,2,129.99,2025-12-01,refunded
O01606,C0390,P03,2,79.0,2025-06-08,completed
O01607,C0371,P04,2,59.99,2025-08-16,refunded
O01608,C0301,P08,3,39.99,2025-08-25,completed
O01609,C0044,P06,1,89.95,2025-10-20,cancelled
O01610,C0214,P04,2,59.99,2025-08-19,refunded
O01611,C0016,P06,1,89.95,2025-10-23,completed
O01612,C0157,P01,2,129.99,2025-12-04,completed
O01613,C0174,P04,2,59.99,2025-08-06,cancelled
O01614,C0386,P07,3,149.0,2025-10-03,completed
O01615,C0167,P01,3,129.99,2025-01-31,completed
O01616,C0079,P06,3,89.95,2025-11-19,refunded
O01617,C0312,P07,2,149.0,2025-04-15,completed
O01618,C0033,P07,1,149.0,2025-09-01,completed
O01619,C0169,P08,3,39.99,2025-06-05,completed
O01620,C0088,P02,3,34.5,2025-10-11,completed
O01621,C0017,P08,1,39.99,2025-06-16,completed
O01622,C0036,P07,2,149.0,2025-04-16,completed
O01623,C0150,P02,2,34.5,2025-05-31,completed
O01624,C0266,P01,1,129.99,2025-06-17,completed
O01625,C0201,P03,1,79.0,2025-08-17,refunded
O01626,C0215,P08,3,39.99,2025-05-31,completed
O01627,C0106,P03,1,79.0,2025-07-24,completed
O01628,C0364,P08,1,39.99,2025-11-06,refunded
O01629,C0159,P04,3,59.99,2025-08-23,completed
O01630,C0104,P01,1,129.99,2025-08-17,completed
O01631,C0205,P04,3,59.99,2025-07-15,refunded
O01632,C0252,P08,2,39.99,2025-10-22,completed
O01633,C0378,P02,2,34.5,2025-11-27,completed
O01634,C0178,P05,2,45.0,2025-11-10,completed
O01635,C0213,P04,1,59.99,2025-11-13,cancelled
O01636,C0222,P08,2,39.99,2025-12-04,completed
O01637,C0358,P02,2,34.5,2025-01-23,completed
O01638,C0081,P05,3,45.0,2025-10-03,completed
O01639,C0342,P02,3,34.5,2025-07-17,completed
O01640,C0211,P02,2,34.5,2025-09-07,completed
O01641,C0259,P06,2,89.95,2025-09-15,completed
O01642,C0130,P04,3,59.99,2025-05-07,completed
O01643,C0014,P02,3,34.5,2025-12-12,cancelled
O01644,C0237,P07,2,149.0,2025-10-02,completed
O01645,C0204,P01,1,129.99,2025-07-30,completed
O01646,C0364,P03,2,79.0,2025-12-10,cancelled
O01647,C0238,P08,2,39.99,2025-05-15,completed
O01648,C0281,P04,3,59.99,2025-08-13,completed
O01649,C0242,P05,1,45.0,2025-03-29,completed
O01650,C0311,P02,1,34.5,2025-05-31,completed
O01651,C0274,P07,1,149.0,2025-02-09,cancelled
O01652,C0391,P01,3,129.99,2025-07-30,completed
O01653,C0226,P06,1,89.95,2025-04-21,cancelled
O01654,C0018,P04,2,59.99,2025-07-25,cancelled
O01655,C0268,P02,2,34.5,2025-07-24,completed
O01656,C0027,P01,1,129.99,2025-07-13,completed
O01657,C0128,P06,1,89.95,2025-08-29,completed
O01658,C0009,P07,1,149.0,2025-08-24,completed
O01659,C0099,P02,1,34.5,2025-08-09,cancelled
O01660,C0086,P03,1,79.0,2025-08-01,refunded
O01661,C0056,P06,2,89.95,2025-10-15,cancelled
O01662,C0098,P04,3,59.99,2025-10-08,completed
O01663,C0062,P04,1,59.99,2025-02-24,completed
O01664,C0166,P03,1,79.0,2025-07-25,cancelled
O01665,C0162,P01,2,129.99,2025-04-19,completed
O01666,C0113,P02,3,34.5,2025-08-14,cancelled
O01667,C0320,P06,1,89.95,2025-10-13,completed
O01668,C0211,P05,3,45.0,2025-09-13,completed
O01669,C0365,P03,2,79.0,2025-03-05,refunded
O01670,C0167,P07,3,149.0,2025-03-10,completed
O01671,C0090,P06,3,89.95,2025-09-04,completed
O01672,C0172,P01,3,129.99,2025-10-27,completed
O01673,C0196,P04,3,59.99,2025-10-28,cancelled
O01674,C0007,P04,1,59.99,2025-11-12,completed
O01675,C0159,P04,3,59.99,2025-08-08,completed
O01676,C0318,P02,1,34.5,2025-07-10,completed
O01677,C0256,P05,1,45.0,2025-03-31,completed
O01678,C0105,P01,1,129.99,2025-11-03,completed
O01679,C0379,P06,1,89.95,2025-06-10,completed
O01680,C0330,P01,3,129.99,2025-08-01,cancelled
O01681,C0148,P01,1,129.99,2025-06-19,completed
O01682,C0125,P04,3,59.99,2025-08-25,cancelled
O01683,C0128,P04,3,59.99,2025-08-29,refunded
O01684,C0165,P03,2,79.0,2025-11-19,completed
O01685,C0034,P08,1,39.99,2025-04-09,completed
O01686,C0325,P03,1,79.0,2025-07-05,completed
O01687,C0089,P04,1,59.99,2025-09-17,completed
O01688,C0219,P08,2,39.99,2025-08-25,cancelled
O01689,C0102,P04,2,59.99,2025-09-21,refunded
O01690,C0128,P05,2,45.0,2025-10-23,completed
O01691,C0326,P04,2,59.99,2025-09-04,completed
O01692,C0185,P07,2,149.0,2025-06-18,completed
O01693,C0226,P07,3,149.0,2025-11-09,cancelled
O01694,C0222,P03,2,79.0,2025-08-06,completed
O01695,C0219,P02,2,34.5,2025-11-01,refunded
O01696,C0079,P03,2,79.0,2025-07-14,completed
O01697,C0157,P08,2,39.99,2025-07-12,refunded
O01698,C0311,P08,1,39.99,2025-06-20,completed
O01699,C0367,P08,1,39.99,2025-09-12,completed
O01700,C0003,P01,3,129.99,2025-07-11,completed
O01701,C0208,P07,2,149.0,2025-07-11,completed
O01702,C0251,P05,3,45.0,2025-10-29,completed
O01703,C0210,P01,1,129.99,2025-07-17,refunded
O01704,C0084,P04,2,59.99,2025-05-11,cancelled
O01705,C0179,P08,3,39.99,2025-07-08,cancelled
O01706,C0030,P07,2,149.0,2025-09-17,completed
O01707,C0245,P01,2,129.99,2025-11-20,cancelled
O01708,C0347,P01,3,129.99,2025-12-07,cancelled
O01709,C0076,P05,3,45.0,2025-08-22,cancelled
O01710,C0076,P05,1,45.0,2025-11-05,refunded
O01711,C0340,P03,1,79.0,2025-03-01,completed
O01712,C0330,P07,2,149.0,2025-10-28,completed
O01713,C0266,P04,2,59.99,2025-03-26,completed
O01714,C0130,P05,3,45.0,2025-09-30,cancelled
O01715,C0196,P05,3,45.0,2025-07-30,cancelled
O01716,C0046,P02,3,34.5,2025-10-21,completed
O01717,C0074,P05,3,45.0,2025-08-05,cancelled
O01718,C0204,P05,1,45.0,2025-07-30,completed
O01719,C0001,P02,1,34.5,2025-08-02,refunded
O01720,C0214,P05,3,45.0,2025-08-09,completed
O01721,C0091,P06,1,89.95,2025-09-19,completed
O01722,C0250,P03,3,79.0,2025-02-26,completed
O01723,C0291,P04,1,59.99,2025-04-15,completed
O01724,C0384,P03,1,79.0,2025-06-13,completed
O01725,C0226,P02,3,34.5,2025-03-27,completed
O01726,C0151,P02,2,34.5,2025-10-25,completed
O01727,C0033,P06,1,89.95,2025-10-27,completed
O01728,C0245,P08,3,39.99,2025-02-21,completed
O01729,C0032,P05,1,45.0,2025-12-07,refunded
O01730,C0022,P02,1,34.5,2025-09-25,completed
O01731,C0193,P05,2,45.0,2025-08-31,completed
O01732,C0310,P07,2,149.0,2025-09-17,cancelled
O01733,C0176,P06,1,89.95,2025-07-04,cancelled
O01734,C0205,P07,3,149.0,2025-07-15,completed
O01735,C0170,P02,1,34.5,2025-08-22,cancelled
O01736,C0206,P03,1,79.0,2025-11-05,completed
O01737,C0272,P05,3,45.0,2025-10-12,completed
O01738,C0232,P08,3,39.99,2025-07-31,cancelled
O01739,C0097,P01,3,129.99,2025-07-14,completed
O01740,C0325,P06,1,89.95,2025-07-05,cancelled
O01741,C0228,P04,3,59.99,2025-09-06,completed
O01742,C0379,P02,2,34.5,2025-08-08,completed
O01743,C0338,P02,3,34.5,2025-09-22,completed
O01744,C0311,P04,3,59.99,2025-03-15,refunded
O01745,C0293,P01,1,129.99,2025-09-12,completed
O01746,C0155,P08,1,39.99,2025-08-17,completed
O01747,C0247,P04,1,59.99,2025-05-01,completed
O01748,C0386,P02,1,34.5,2025-08-11,cancelled
O01749,C0015,P03,2,79.0,2025-07-16,completed
O01750,C0113,P05,3,45.0,2025-09-01,cancelled
O01751,C0064,P03,3,79.0,2025-11-21,cancelled
O01752,C0252,P02,3,34.5,2025-06-20,completed
O01753,C0295,P02,3,34.5,2025-07-23,completed
O01754,C0368,P07,3,149.0,2025-11-25,refunded
O01755,C0224,P04,1,59.99,2025-10-20,completed
O01756,C0149,P02,1,34.5,2025-09-01,completed
O01757,C0380,P04,3,59.99,2025-04-06,refunded
O01758,C0189,P03,2,79.0,2025-07-14,refunded
O01759,C0378,P01,2,129.99,2025-02-09,refunded
O01760,C0275,P04,2,59.99,2025-08-05,completed
O01761,C0395,P06,3,89.95,2025-03-20,refunded
O01762,C0340,P04,1,59.99,2025-07-22,completed
O01763,C0276,P08,2,39.99,2025-09-04,completed
O01764,C0113,P08,3,39.99,2025-08-22,completed
O01765,C0308,P05,1,45.0,2025-12-07,cancelled
O01766,C0018,P06,2,89.95,2025-09-15,cancelled
O01767,C0064,P05,3,45.0,2025-10-21,completed
O01768,C0324,P04,2,59.99,2025-09-27,cancelled
O01769,C0193,P01,2,129.99,2025-03-23,cancelled
O01770,C0108,P04,3,59.99,2025-10-13,completed
O01771,C0250,P07,2,149.0,2025-12-04,completed
O01772,C0012,P07,2,149.0,2025-08-05,cancelled
O01773,C0243,P06,2,89.95,2025-07-20,completed
O01774,C0271,P05,2,45.0,2025-04-10,cancelled
O01775,C0281,P07,1,149.0,2025-03-15,completed
O01776,C0386,P01,3,129.99,2025-06-05,completed
O01777,C0336,P03,3,79.0,2025-04-13,completed
O01778,C0357,P08,2,39.99,2025-05-04,completed
O01779,C0112,P04,3,59.99,2025-11-30,completed
O01780,C0186,P02,3,34.5,2025-07-25,completed
O01781,C0219,P03,1,79.0,2025-08-25,completed
O01782,C0243,P03,1,79.0,2025-05-01,refunded
O01783,C0333,P06,3,89.95,2025-08-18,completed
O01784,C0322,P07,1,149.0,2025-06-08,completed
O01785,C0124,P07,2,149.0,2025-10-16,cancelled
O01786,C0306,P03,3,79.0,2025-07-12,cancelled
O01787,C0344,P02,2,34.5,2025-11-29,completed
O01788,C0141,P08,2,39.99,2025-09-25,completed
O01789,C0060,P02,1,34.5,2025-09-08,cancelled
O01790,C0343,P04,1,59.99,2025-10-28,refunded
O01791,C0294,P08,2,39.99,2025-04-28,refunded
O01792,C0093,P07,2,149.0,2025-11-27,cancelled
O01793,C0223,P05,3,45.0,2025-07-16,completed
O01794,C0167,P02,3,34.5,2025-10-03,completed
O01795,C0208,P01,2,129.99,2025-10-12,refunded
O01796,C0272,P08,1,39.99,2025-10-12,refunded
O01797,C0276,P02,1,34.5,2025-12-04,completed
O01798,C0093,P03,1,79.0,2025-10-12,completed
O01799,C0161,P02,1,34.5,2025-04-05,refunded
O01800,C0106,P03,1,79.0,2025-10-15,completed
O01801,C0386,P01,1,129.99,2025-03-31,refunded
O01802,C0153,P06,3,89.95,2025-06-06,completed
O01803,C0337,P01,1,129.99,2025-09-04,completed
O01804,C0266,P05,3,45.0,2025-10-01,completed
O01805,C0072,P08,3,39.99,2025-06-10,refunded
O01806,C0181,P04,3,59.99,2025-05-18,cancelled
O01807,C0023,P04,1,59.99,2025-09-10,completed
O01808,C0154,P04,1,59.99,2025-11-05,refunded
O01809,C0111,P06,2,89.95,2025-09-01,cancelled
O01810,C0319,P07,1,149.0,2025-10-09,completed
O01811,C0134,P07,3,149.0,2025-06-09,completed
O01812,C0234,P02,2,34.5,2025-12-13,completed
O01813,C0356,P03,3,79.0,2025-05-10,completed
O01814,C0323,P05,3,45.0,2025-11-27,completed
O01815,C0366,P06,3,89.95,2025-12-03,cancelled
O01816,C0262,P03,2,79.0,2025-08-16,completed
O01817,C0223,P07,1,149.0,2025-11-06,completed
O01818,C0040,P05,1,45.0,2025-10-11,completed
O01819,C0351,P07,1,149.0,2025-06-18,cancelled
O01820,C0046,P06,2,89.95,2025-08-09,completed
O01821,C0116,P05,1,45.0,2025-04-20,completed
O01822,C0114,P07,1,149.0,2025-05-20,completed
O01823,C0270,P05,3,45.0,2025-09-08,completed
O01824,C0271,P06,3,89.95,2025-10-20,completed
O01825,C0283,P05,3,45.0,2025-08-03,completed
O01826,C0088,P06,2,89.95,2025-10-02,completed
O01827,C0380,P07,2,149.0,2025-10-31,completed
O01828,C0133,P01,3,129.99,2025-09-20,cancelled
O01829,C0080,P03,1,79.0,2025-07-13,refunded
O01830,C0377,P05,1,45.0,2025-11-24,completed
O01831,C0363,P04,3,59.99,2025-11-08,completed
O01832,C0362,P08,1,39.99,2025-08-13,completed
O01833,C0240,P05,2,45.0,2025-08-08,refunded
O01834,C0368,P04,2,59.99,2025-11-22,completed
O01835,C0157,P07,2,149.0,2025-06-04,cancelled
O01836,C0041,P02,3,34.5,2025-05-03,completed
O01837,C0085,P01,1,129.99,2025-06-29,refunded
O01838,C0253,P01,2,129.99,2025-12-13,refunded
O01839,C0375,P03,2,79.0,2025-09-12,refunded
O01840,C0351,P02,2,34.5,2025-03-15,refunded
O01841,C0098,P01,3,129.99,2025-10-08,cancelled
O01842,C0274,P06,1,89.95,2025-12-05,refunded
O01843,C0351,P01,3,129.99,2025-08-18,completed
O01844,C0346,P04,1,59.99,2025-02-08,completed
O01845,C0069,P06,1,89.95,2025-09-28,completed
O01846,C0195,P03,2,79.0,2025-03-02,completed
O01847,C0348,P04,3,59.99,2025-06-04,completed
O01848,C0154,P08,2,39.99,2025-05-16,completed
O01849,C0002,P07,1,149.0,2025-06-06,cancelled
O01850,C0264,P01,2,129.99,2025-11-13,completed
O01851,C0030,P06,1,89.95,2025-11-12,completed
O01852,C0169,P05,2,45.0,2025-05-03,completed
O01853,C0180,P03,2,79.0,2025-07-01,completed
O01854,C0052,P07,2,149.0,2025-05-02,completed
O01855,C0271,P03,2,79.0,2025-03-05,completed
O01856,C0004,P03,3,79.0,2025-05-09,completed
O01857,C0241,P07,2,149.0,2025-06-04,completed
O01858,C0220,P03,3,79.0,2025-05-18,completed
O01859,C0225,P08,1,39.99,2025-06-01,completed
O01860,C0383,P07,1,149.0,2025-07-03,cancelled
O01861,C0102,P02,1,34.5,2025-09-21,completed
O01862,C0069,P07,2,149.0,2025-09-28,completed
O01863,C0083,P04,2,59.99,2025-12-07,completed
O01864,C0061,P07,2,149.0,2025-10-09,completed
O01865,C0350,P03,2,79.0,2025-10-02,refunded
O01866,C0372,P07,1,149.0,2025-06-30,completed
O01867,C0011,P03,1,79.0,2025-06-26,refunded
O01868,C0007,P04,1,59.99,2025-12-14,completed
O01869,C0220,P01,2,129.99,2025-09-03,completed
O01870,C0145,P08,1,39.99,2025-08-08,completed
O01871,C0317,P03,3,79.0,2025-09-19,completed
O01872,C0128,P05,1,45.0,2025-08-29,cancelled
O01873,C0127,P07,1,149.0,2025-08-31,cancelled
O01874,C0053,P03,1,79.0,2025-10-30,cancelled
O01875,C0325,P03,1,79.0,2025-07-05,completed
O01876,C0206,P01,2,129.99,2025-04-09,completed
O01877,C0219,P01,3,129.99,2025-08-25,completed
O01878,C0027,P07,2,149.0,2025-09-26,completed
O01879,C0359,P04,1,59.99,2025-06-22,completed
O01880,C0246,P01,3,129.99,2025-08-07,cancelled
O01881,C0027,P05,1,45.0,2025-06-24,completed
O01882,C0144,P06,3,89.95,2025-10-19,completed
O01883,C0164,P01,1,129.99,2025-05-08,completed
O01884,C0027,P06,1,89.95,2025-06-24,completed
O01885,C0144,P02,2,34.5,2025-10-19,completed
O01886,C0252,P06,2,89.95,2025-06-05,completed
O01887,C0050,P01,3,129.99,2025-10-10,completed
O01888,C0170,P06,3,89.95,2025-07-05,cancelled
O01889,C0399,P06,1,89.95,2025-11-29,completed
O01890,C0108,P07,1,149.0,2025-10-13,completed
O01891,C0323,P02,1,34.5,2025-10-28,cancelled
O01892,C0098,P04,3,59.99,2025-10-08,completed
O01893,C0039,P06,2,89.95,2025-08-31,completed
O01894,C0274,P03,1,79.0,2025-03-07,completed
O01895,C0215,P05,3,45.0,2025-06-27,completed
O01896,C0230,P02,2,34.5,2025-10-24,completed
O01897,C0215,P01,1,129.99,2025-11-03,completed
O01898,C0357,P03,2,79.0,2025-05-04,refunded
O01899,C0032,P04,3,59.99,2025-07-23,completed
O01900,C0351,P02,1,34.5,2025-08-13,refunded
O01901,C0197,P07,2,149.0,2025-11-07,completed
O01902,C0106,P03,1,79.0,2025-07-24,refunded
O01903,C0112,P01,3,129.99,2025-08-22,refunded
O01904,C0363,P05,2,45.0,2025-08-31,completed
O01905,C0363,P05,3,45.0,2025-08-31,completed
O01906,C0115,P01,3,129.99,2025-05-02,completed
O01907,C0021,P03,2,79.0,2025-10-15,completed
O01908,C0027,P04,1,59.99,2025-10-01,completed
O01909,C0001,P06,3,89.95,2025-11-06,completed
O01910,C0167,P02,3,34.5,2025-10-09,completed
O01911,C0370,P03,2,79.0,2025-11-10,completed
O01912,C0167,P01,3,129.99,2025-01-31,completed
O01913,C0113,P05,1,45.0,2025-08-14,completed
O01914,C0276,P02,3,34.5,2025-09-04,cancelled
O01915,C0132,P04,2,59.99,2025-04-23,completed
O01916,C0138,P04,3,59.99,2025-11-19,completed
O01917,C0080,P08,1,39.99,2025-08-11,completed
O01918,C0076,P08,1,39.99,2025-09-11,completed
O01919,C0236,P03,1,79.0,2025-07-07,refunded
O01920,C0252,P03,3,79.0,2025-05-25,completed
O01921,C0159,P03,1,79.0,2025-07-21,cancelled
O01922,C0312,P04,1,59.99,2025-03-15,completed
O01923,C0219,P04,2,59.99,2025-11-27,completed
O01924,C0052,P03,3,79.0,2025-05-02,refunded
O01925,C0052,P07,2,149.0,2025-05-02,completed
O01926,C0007,P01,1,129.99,2025-06-22,completed
O01927,C0138,P03,3,79.0,2025-11-04,completed
O01928,C0005,P02,3,34.5,2025-08-18,cancelled
O01929,C0044,P04,1,59.99,2025-10-20,refunded
O01930,C0228,P03,2,79.0,2025-06-19,completed
O01931,C0080,P04,1,59.99,2025-10-06,cancelled
O01932,C0137,P02,1,34.5,2025-03-03,completed
O01933,C0279,P05,1,45.0,2025-09-19,completed
O01934,C0073,P01,1,129.99,2025-09-08,completed
O01935,C0219,P07,1,149.0,2025-08-25,cancelled
O01936,C0147,P04,3,59.99,2025-07-16,cancelled
O01937,C0367,P02,2,34.5,2025-09-12,completed
O01938,C0115,P02,2,34.5,2025-07-02,completed
O01939,C0316,P06,1,89.95,2025-07-04,completed
O01940,C0023,P03,1,79.0,2025-09-10,refunded
O01941,C0172,P03,3,79.0,2025-08-21,completed
O01942,C0342,P05,3,45.0,2025-07-17,completed
O01943,C0054,P05,2,45.0,2025-12-05,completed
O01944,C0136,P02,1,34.5,2025-05-05,cancelled
O01945,C0076,P06,1,89.95,2025-08-07,completed
O01946,C0370,P08,1,39.99,2025-06-01,refunded
O01947,C0219,P05,1,45.0,2025-08-25,completed
O01948,C0066,P03,2,79.0,2025-10-03,completed
O01949,C0254,P07,2,149.0,2025-07-31,refunded
O01950,C0326,P06,1,89.95,2025-12-01,completed
O01951,C0197,P07,3,149.0,2025-09-12,refunded
O01952,C0274,P08,3,39.99,2025-10-02,completed
O01953,C0197,P02,3,34.5,2025-08-22,refunded
O01954,C0296,P04,3,59.99,2025-02-14,completed
O01955,C0186,P01,1,129.99,2025-07-25,completed
O01956,C0286,P08,1,39.99,2025-02-26,completed
O01957,C0179,P06,1,89.95,2025-06-15,completed
O01958,C0074,P07,1,149.0,2025-08-05,completed
O01959,C0029,P03,1,79.0,2025-04-02,completed
O01960,C0376,P01,3,129.99,2025-08-06,completed
O01961,C0028,P02,3,34.5,2025-10-25,completed
O01962,C0245,P03,1,79.0,2025-03-17,completed
O01963,C0073,P02,1,34.5,2025-09-08,completed
O01964,C0292,P07,1,149.0,2025-05-29,completed
O01965,C0381,P03,3,79.0,2025-09-28,cancelled
O01966,C0154,P08,2,39.99,2025-06-22,completed
O01967,C0331,P01,2,129.99,2025-08-13,completed
O01968,C0031,P01,3,129.99,2025-03-30,refunded
O01969,C0083,P01,2,129.99,2025-08-05,cancelled
O01970,C0233,P05,3,45.0,2025-09-14,completed
O01971,C0364,P04,2,59.99,2025-07-02,completed
O01972,C0048,P07,1,149.0,2025-06-23,completed
O01973,C0317,P01,1,129.99,2025-07-20,completed
O01974,C0382,P02,3,34.5,2025-08-28,completed
O01975,C0161,P07,2,149.0,2025-04-05,completed
O01976,C0191,P07,1,149.0,2025-10-09,completed
O01977,C0054,P02,2,34.5,2025-11-05,completed
O01978,C0015,P04,2,59.99,2025-03-29,refunded
O01979,C0055,P02,1,34.5,2025-11-02,completed
O01980,C0388,P05,1,45.0,2025-10-10,completed
O01981,C0327,P01,1,129.99,2025-05-18,completed
O01982,C0292,P01,3,129.99,2025-09-05,completed
O01983,C0025,P06,1,89.95,2025-07-15,completed
O01984,C0183,P05,2,45.0,2025-09-14,completed
O01985,C0162,P07,3,149.0,2025-07-02,completed
O01986,C0360,P02,2,34.5,2025-07-28,cancelled
O01987,C0258,P02,3,34.5,2025-08-18,completed
O01988,C0301,P07,2,149.0,2025-10-28,completed
O01989,C0149,P03,1,79.0,2025-12-16,completed
O01990,C0041,P02,3,34.5,2025-04-29,completed
O01991,C0349,P03,3,79.0,2025-08-23,refunded
O01992,C0265,P06,2,89.95,2025-09-29,completed
O01993,C0149,P06,3,89.95,2025-09-01,completed
O01994,C0365,P07,1,149.0,2025-04-17,refunded
O01995,C0311,P02,1,34.5,2025-10-18,cancelled
O01996,C0255,P02,1,34.5,2025-03-15,completed
O01997,C0281,P02,2,34.5,2025-03-15,completed
O01998,C0161,P03,2,79.0,2025-04-05,completed
O01999,C0144,P06,2,89.95,2025-10-19,completed
O02000,C0092,P08,2,39.99,2025-08-31,completed
O02001,C0391,P08,3,39.99,2025-07-30,completed
O02002,C0292,P08,1,39.99,2025-07-06,completed
O02003,C0206,P07,3,149.0,2025-12-15,completed
O02004,C0226,P06,3,89.95,2025-11-16,completed
O02005,C0192,P02,3,34.5,2025-09-06,refunded
O02006,C0231,P05,3,45.0,2025-06-01,refunded
O02007,C0330,P01,3,129.99,2025-05-06,cancelled
O02008,C0288,P01,1,129.99,2025-02-28,completed
O02009,C0193,P03,3,79.0,2025-07-24,completed
O02010,C0115,P07,2,149.0,2025-12-09,completed
O02011,C0179,P08,2,39.99,2025-11-25,refunded
O02012,C0239,P02,1,34.5,2025-04-30,cancelled
O02013,C0056,P07,2,149.0,2025-04-13,completed
O02014,C0169,P02,2,34.5,2025-06-25,refunded
O02015,C0249,P04,3,59.99,2025-09-01,completed
O02016,C0143,P08,1,39.99,2025-10-07,completed
O02017,C0241,P03,3,79.0,2025-06-04,completed
O02018,C0291,P01,3,129.99,2025-07-14,completed
O02019,C0186,P07,2,149.0,2025-07-25,completed
O02020,C0109,P01,3,129.99,2025-08-26,completed
O02021,C0130,P03,1,79.0,2025-05-07,completed
O02022,C0141,P07,1,149.0,2025-09-25,cancelled
O02023,C0232,P07,3,149.0,2025-04-20,cancelled
O02024,C0133,P03,1,79.0,2025-03-27,completed
O02025,C0176,P05,1,45.0,2025-04-12,completed
O02026,C0215,P08,2,39.99,2025-10-02,cancelled
O02027,C0083,P07,2,149.0,2025-10-20,completed
O02028,C0006,P04,1,59.99,2025-12-08,refunded
O02029,C0316,P03,2,79.0,2025-12-07,cancelled
O02030,C0381,P06,1,89.95,2025-03-19,completed
O02031,C0076,P08,2,39.99,2025-08-07,cancelled
O02032,C0209,P05,3,45.0,2025-08-29,completed
O02033,C0065,P08,3,39.99,2025-10-24,completed
O02034,C0019,P04,3,59.99,2025-06-11,completed
O02035,C0357,P03,3,79.0,2025-07-13,completed
O02036,C0179,P04,1,59.99,2025-12-14,refunded
O02037,C0008,P06,2,89.95,2025-07-03,completed
O02038,C0158,P02,3,34.5,2025-09-13,cancelled
O02039,C0234,P07,2,149.0,2025-06-30,completed
O02040,C0278,P07,3,149.0,2025-10-15,completed
O02041,C0091,P08,2,39.99,2025-09-19,completed
O02042,C0284,P03,3,79.0,2025-08-12,completed
O02043,C0146,P07,3,149.0,2025-05-26,cancelled
O02044,C0318,P02,1,34.5,2025-07-10,completed
O02045,C0333,P01,3,129.99,2025-08-18,completed
O02046,C0255,P02,3,34.5,2025-08-16,refunded
O02047,C0298,P01,3,129.99,2025-05-29,completed
O02048,C0109,P04,2,59.99,2025-10-10,completed
O02049,C0059,P04,2,59.99,2025-09-18,completed
O02050,C0238,P07,3,149.0,2025-07-22,completed
O02051,C0192,P04,3,59.99,2025-09-06,completed
O02052,C0338,P05,2,45.0,2025-09-22,cancelled
O02053,C0124,P01,2,129.99,2025-10-16,completed
O02054,C0014,P03,2,79.0,2025-09-23,cancelled
O02055,C0308,P06,2,89.95,2025-06-11,refunded
O02056,C0221,P04,3,59.99,2025-08-15,completed
O02057,C0316,P07,1,149.0,2025-10-23,completed
O02058,C0066,P07,3,149.0,2025-10-03,completed
O02059,C0163,P03,2,79.0,2025-04-29,completed
O02060,C0364,P03,3,79.0,2025-07-02,cancelled
O02061,C0296,P07,3,149.0,2025-05-14,refunded
O02062,C0082,P06,1,89.95,2025-02-17,completed
O02063,C0014,P07,1,149.0,2025-11-18,refunded
O02064,C0079,P01,3,129.99,2025-10-06,completed
O02065,C0293,P07,1,149.0,2025-08-09,completed
O02066,C0325,P06,1,89.95,2025-07-05,cancelled
O02067,C0114,P05,1,45.0,2025-10-02,completed
O02068,C0372,P07,2,149.0,2025-12-04,completed
O02069,C0141,P02,1,34.5,2025-11-18,completed
O02070,C0327,P02,1,34.5,2025-08-24,refunded
O02071,C0063,P02,1,34.5,2025-05-25,completed
O02072,C0093,P02,1,34.5,2025-09-11,completed
O02073,C0107,P07,1,149.0,2025-09-09,completed
O02074,C0212,P02,2,34.5,2025-11-17,completed
O02075,C0108,P07,2,149.0,2025-10-13,cancelled
O02076,C0231,P03,1,79.0,2025-06-02,completed
O02077,C0092,P01,1,129.99,2025-06-25,completed
O02078,C0248,P01,1,129.99,2025-09-25,cancelled
O02079,C0131,P02,1,34.5,2025-11-07,completed
O02080,C0275,P01,3,129.99,2025-09-20,completed
O02081,C0111,P06,1,89.95,2025-09-01,completed
O02082,C0168,P03,1,79.0,2025-04-19,cancelled
O02083,C0355,P03,2,79.0,2025-08-29,completed
O02084,C0103,P02,2,34.5,2025-10-10,cancelled
O02085,C0151,P08,3,39.99,2025-10-25,completed
O02086,C0263,P07,1,149.0,2025-05-09,completed
O02087,C0102,P05,2,45.0,2025-09-21,refunded
O02088,C0393,P05,1,45.0,2025-09-22,cancelled
O02089,C0250,P07,2,149.0,2025-08-05,refunded
O02090,C0383,P05,2,45.0,2025-11-15,completed
O02091,C0311,P07,2,149.0,2025-04-13,refunded
O02092,C0181,P06,3,89.95,2025-05-18,completed
O02093,C0086,P01,3,129.99,2025-05-10,refunded
O02094,C0210,P05,3,45.0,2025-11-27,refunded
O02095,C0181,P07,1,149.0,2025-05-18,completed
O02096,C0166,P07,1,149.0,2025-07-03,completed
O02097,C0038,P04,3,59.99,2025-07-11,completed
O02098,C0075,P06,1,89.95,2025-03-08,completed
O02099,C0353,P01,3,129.99,2025-06-18,completed
O02100,C0239,P06,1,89.95,2025-10-15,completed
O02101,C0198,P05,3,45.0,2025-09-18,refunded
O02102,C0112,P02,3,34.5,2025-05-23,cancelled
O02103,C0312,P02,3,34.5,2025-11-27,completed
O02104,C0350,P07,2,149.0,2025-10-02,completed
O02105,C0101,P01,2,129.99,2025-09-13,completed
O02106,C0141,P07,1,149.0,2025-09-25,completed
O02107,C0088,P06,3,89.95,2025-10-02,completed
O02108,C0296,P01,2,129.99,2025-02-09,cancelled
O02109,C0295,P01,2,129.99,2025-07-23,completed
O02110,C0207,P01,3,129.99,2025-09-28,completed
O02111,C0173,P01,1,129.99,2025-08-29,completed
O02112,C0213,P05,2,45.0,2025-06-12,completed
O02113,C0205,P02,3,34.5,2025-07-15,completed
O02114,C0314,P01,2,129.99,2025-10-20,cancelled
O02115,C0233,P08,3,39.99,2025-09-14,completed
O02116,C0317,P02,1,34.5,2025-05-07,completed
O02117,C0006,P03,1,79.0,2025-08-05,cancelled
O02118,C0371,P07,1,149.0,2025-08-16,completed
O02119,C0098,P06,3,89.95,2025-10-08,cancelled
O02120,C0027,P05,1,45.0,2025-06-24,completed
O02121,C0156,P02,2,34.5,2025-06-18,cancelled
O02122,C0314,P07,2,149.0,2025-10-20,completed
O02123,C0299,P08,1,39.99,2025-07-05,completed
O02124,C0076,P07,3,149.0,2025-08-17,cancelled
O02125,C0063,P04,3,59.99,2025-09-02,cancelled
O02126,C0251,P05,2,45.0,2025-10-17,completed
O02127,C0048,P05,2,45.0,2025-06-23,completed
O02128,C0286,P04,3,59.99,2025-11-28,cancelled
O02129,C0106,P02,1,34.5,2025-09-11,completed
O02130,C0109,P01,3,129.99,2025-08-26,completed
O02131,C0198,P04,2,59.99,2025-09-18,completed
O02132,C0107,P06,2,89.95,2025-08-21,cancelled
O02133,C0079,P02,1,34.5,2025-06-07,completed
O02134,C0198,P08,3,39.99,2025-09-20,completed
O02135,C0400,P07,1,149.0,2025-06-22,completed
O02136,C0217,P03,3,79.0,2025-06-07,refunded
O02137,C0332,P02,1,34.5,2025-08-25,completed
O02138,C0382,P02,1,34.5,2025-05-27,completed
O02139,C0096,P05,1,45.0,2025-09-01,cancelled
O02140,C0272,P08,2,39.99,2025-10-12,completed
O02141,C0282,P02,2,34.5,2025-08-09,completed
O02142,C0078,P07,3,149.0,2025-10-10,refunded
O02143,C0171,P01,2,129.99,2025-05-20,completed
O02144,C0051,P01,3,129.99,2025-10-09,cancelled
O02145,C0217,P04,2,59.99,2025-04-07,completed
O02146,C0091,P05,3,45.0,2025-11-08,completed
O02147,C0266,P07,1,149.0,2025-12-15,completed
O02148,C0331,P04,1,59.99,2025-08-13,completed
O02149,C0028,P01,3,129.99,2025-08-21,completed
O02150,C0034,P02,2,34.5,2025-04-26,refunded
O02151,C0359,P07,2,149.0,2025-07-21,completed
O02152,C0113,P05,2,45.0,2025-08-14,completed
O02153,C0105,P06,3,89.95,2025-08-01,cancelled
O02154,C0306,P05,3,45.0,2025-02-08,completed
O02155,C0095,P08,3,39.99,2025-06-08,cancelled
O02156,C0123,P03,2,79.0,2025-12-15,completed
O02157,C0086,P03,2,79.0,2025-08-22,completed
O02158,C0007,P08,2,39.99,2025-06-22,completed
O02159,C0091,P05,1,45.0,2025-09-19,cancelled
O02160,C0390,P01,3,129.99,2025-06-30,completed
O02161,C0299,P01,2,129.99,2025-07-05,completed
O02162,C0057,P01,1,129.99,2025-10-18,cancelled
O02163,C0149,P04,3,59.99,2025-09-15,completed
O02164,C0387,P03,1,79.0,2025-04-13,completed
O02165,C0377,P06,2,89.95,2025-09-09,cancelled
O02166,C0180,P05,3,45.0,2025-09-07,completed
O02167,C0187,P08,1,39.99,2025-06-30,completed
O02168,C0364,P06,3,89.95,2025-12-06,refunded
O02169,C0248,P02,2,34.5,2025-09-23,cancelled
O02170,C0328,P01,1,129.99,2025-09-17,completed
O02171,C0338,P03,2,79.0,2025-09-22,completed
O02172,C0126,P07,2,149.0,2025-06-17,cancelled
O02173,C0046,P04,2,59.99,2025-11-24,completed
O02174,C0141,P08,3,39.99,2025-09-25,completed
O02175,C0348,P06,2,89.95,2025-07-20,refunded
O02176,C0214,P05,2,45.0,2025-06-03,completed
O02177,C0297,P06,3,89.95,2025-07-27,completed
O02178,C0233,P06,2,89.95,2025-09-14,completed
O02179,C0256,P03,2,79.0,2025-12-15,completed
O02180,C0268,P05,3,45.0,2025-10-13,cancelled
O02181,C0084,P05,2,45.0,2025-05-28,completed
O02182,C0151,P01,2,129.99,2025-10-25,completed
O02183,C0145,P02,1,34.5,2025-09-08,completed
O02184,C0003,P07,2,149.0,2025-12-05,completed
O02185,C0026,P05,1,45.0,2025-06-29,completed
O02186,C0258,P03,1,79.0,2025-08-18,completed
O02187,C0376,P04,2,59.99,2025-10-27,completed
O02188,C0149,P04,1,59.99,2025-09-01,completed
O02189,C0128,P07,2,149.0,2025-08-29,completed
O02190,C0134,P05,3,45.0,2025-06-09,completed
O02191,C0289,P07,3,149.0,2025-09-07,refunded
O02192,C0072,P04,2,59.99,2025-04-18,completed
O02193,C0284,P04,2,59.99,2025-06-09,completed
O02194,C0153,P08,3,39.99,2025-06-06,completed
O02195,C0224,P02,1,34.5,2025-10-20,completed
O02196,C0356,P06,3,89.95,2025-07-03,completed
O02197,C0182,P07,2,149.0,2025-09-23,completed
O02198,C0237,P01,3,129.99,2025-10-02,completed
O02199,C0046,P03,3,79.0,2025-08-09,completed
O02200,C0298,P06,1,89.95,2025-11-14,refunded
O02201,C0290,P05,1,45.0,2025-07-21,completed
O02202,C0207,P01,2,129.99,2025-09-23,completed
O02203,C0028,P02,1,34.5,2025-08-21,cancelled
O02204,C0055,P06,3,89.95,2025-08-05,completed
O02205,C0290,P08,3,39.99,2025-06-19,completed
O02206,C0063,P01,3,129.99,2025-04-15,refunded
O02207,C0074,P08,1,39.99,2025-08-05,cancelled
O02208,C0328,P03,2,79.0,2025-11-18,completed
O02209,C0369,P01,2,129.99,2025-11-16,cancelled
O02210,C0103,P02,1,34.5,2025-06-08,completed
O02211,C0310,P02,3,34.5,2025-09-17,completed
O02212,C0105,P02,2,34.5,2025-08-01,refunded
O02213,C0228,P07,1,149.0,2025-04-08,completed
O02214,C0208,P08,1,39.99,2025-05-01,refunded
O02215,C0134,P08,3,39.99,2025-11-12,completed
O02216,C0222,P03,3,79.0,2025-08-06,completed
O02217,C0073,P04,1,59.99,2025-09-19,cancelled
O02218,C0359,P04,2,59.99,2025-09-03,completed
O02219,C0149,P02,3,34.5,2025-09-10,completed
O02220,C0342,P05,2,45.0,2025-07-17,cancelled
O02221,C0055,P08,2,39.99,2025-08-06,completed
O02222,C0015,P05,2,45.0,2025-03-29,refunded
O02223,C0200,P01,3,129.99,2025-06-05,completed
O02224,C0331,P08,1,39.99,2025-08-13,completed
O02225,C0240,P08,2,39.99,2025-04-24,completed
O02226,C0184,P04,2,59.99,2025-09-26,completed
O02227,C0263,P02,1,34.5,2025-12-02,completed
O02228,C0181,P06,2,89.95,2025-05-18,completed
O02229,C0391,P05,2,45.0,2025-07-30,cancelled
O02230,C0248,P07,2,149.0,2025-11-07,cancelled
O02231,C0093,P05,1,45.0,2025-08-09,refunded
O02232,C0298,P06,3,89.95,2025-11-13,completed
O02233,C0035,P01,1,129.99,2025-09-30,completed
O02234,C0050,P02,2,34.5,2025-12-14,completed
O02235,C0166,P04,3,59.99,2025-06-02,completed
O02236,C0090,P07,2,149.0,2025-08-11,completed
O02237,C0314,P05,1,45.0,2025-10-20,cancelled
O02238,C0038,P08,2,39.99,2025-11-07,cancelled
O02239,C0016,P03,2,79.0,2025-08-25,cancelled
O02240,C0231,P07,1,149.0,2025-11-23,refunded
O02241,C0285,P04,1,59.99,2025-05-10,completed
O02242,C0225,P05,1,45.0,2025-06-01,cancelled
O02243,C0083,P07,3,149.0,2025-05-08,completed
O02244,C0299,P01,3,129.99,2025-12-09,completed
O02245,C0105,P01,1,129.99,2025-08-01,completed
O02246,C0397,P07,3,149.0,2025-10-07,completed
O02247,C0175,P03,3,79.0,2025-11-25,refunded
O02248,C0255,P04,1,59.99,2025-10-20,completed
O02249,C0257,P06,2,89.95,2025-11-13,refunded
O02250,C0071,P02,2,34.5,2025-10-11,cancelled
O02251,C0193,P02,3,34.5,2025-03-23,completed
O02252,C0265,P05,1,45.0,2025-09-29,completed
O02253,C0119,P01,3,129.99,2025-10-04,completed
O02254,C0012,P04,2,59.99,2025-05-09,completed
O02255,C0361,P06,1,89.95,2025-05-31,completed
O02256,C0039,P04,3,59.99,2025-11-09,refunded
O02257,C0160,P07,3,149.0,2025-05-26,refunded
O02258,C0358,P02,3,34.5,2025-08-30,completed
O02259,C0335,P01,1,129.99,2025-06-23,completed
O02260,C0134,P04,2,59.99,2025-06-09,completed
O02261,C0105,P06,3,89.95,2025-08-01,completed
O02262,C0253,P02,3,34.5,2025-11-09,cancelled
O02263,C0392,P01,2,129.99,2025-06-12,completed
O02264,C0307,P02,3,34.5,2025-10-16,completed
O02265,C0139,P01,1,129.99,2025-08-04,completed
O02266,C0260,P04,3,59.99,2025-09-24,completed
O02267,C0245,P05,1,45.0,2025-02-20,completed
O02268,C0014,P04,3,59.99,2025-11-08,completed
O02269,C0350,P01,3,129.99,2025-10-02,completed
O02270,C0199,P07,3,149.0,2025-06-24,completed
O02271,C0360,P07,3,149.0,2025-04-04,completed
O02272,C0225,P02,3,34.5,2025-07-08,completed
O02273,C0100,P06,2,89.95,2025-08-15,completed
O02274,C0119,P02,3,34.5,2025-07-14,completed
O02275,C0212,P01,1,129.99,2025-05-28,completed
O02276,C0040,P01,1,129.99,2025-10-11,completed
O02277,C0145,P01,2,129.99,2025-06-29,refunded
O02278,C0336,P04,2,59.99,2025-04-13,refunded
O02279,C0204,P08,3,39.99,2025-07-30,cancelled
O02280,C0040,P02,2,34.5,2025-10-11,completed
O02281,C0254,P06,1,89.95,2025-08-16,cancelled
O02282,C0155,P06,3,89.95,2025-05-30,cancelled
O02283,C0126,P05,2,45.0,2025-10-05,refunded
O02284,C0054,P01,2,129.99,2025-07-30,cancelled
O02285,C0319,P08,2,39.99,2025-02-10,completed
O02286,C0071,P04,2,59.99,2025-10-11,completed
O02287,C0063,P06,3,89.95,2025-04-15,completed
O02288,C0121,P08,3,39.99,2025-08-21,completed
O02289,C0011,P08,1,39.99,2025-05-19,completed
O02290,C0302,P07,2,149.0,2025-02-13,completed
O02291,C0143,P07,2,149.0,2025-02-14,completed
O02292,C0197,P08,1,39.99,2025-08-22,completed
O02293,C0195,P03,3,79.0,2025-08-09,refunded
O02294,C0027,P05,1,45.0,2025-10-05,completed
O02295,C0014,P06,2,89.95,2025-10-30,completed
O02296,C0388,P01,2,129.99,2025-11-15,completed
O02297,C0219,P01,1,129.99,2025-10-11,completed
O02298,C0370,P05,3,45.0,2025-08-26,completed
O02299,C0294,P05,1,45.0,2025-07-15,completed
O02300,C0382,P04,1,59.99,2025-05-27,completed
O02301,C0350,P05,1,45.0,2025-10-02,refunded
O02302,C0152,P06,3,89.95,2025-10-09,completed
O02303,C0316,P05,2,45.0,2025-05-18,cancelled
O02304,C0129,P01,1,129.99,2025-06-07,refunded
O02305,C0339,P06,2,89.95,2025-05-20,completed
O02306,C0237,P01,2,129.99,2025-10-02,completed
O02307,C0019,P06,2,89.95,2025-11-23,refunded
O02308,C0112,P07,1,149.0,2025-10-24,completed
O02309,C0142,P06,1,89.95,2025-08-14,completed
O02310,C0133,P05,2,45.0,2025-09-11,completed
O02311,C0117,P03,1,79.0,2025-11-13,cancelled
O02312,C0026,P04,1,59.99,2025-12-02,completed
O02313,C0095,P08,3,39.99,2025-06-12,completed
O02314,C0284,P04,1,59.99,2025-06-09,completed
O02315,C0009,P06,3,89.95,2025-08-24,refunded
O02316,C0121,P06,1,89.95,2025-04-23,refunded
O02317,C0228,P02,3,34.5,2025-04-08,completed
O02318,C0105,P06,3,89.95,2025-08-01,cancelled
O02319,C0213,P02,3,34.5,2025-08-07,completed
O02320,C0074,P01,2,129.99,2025-11-07,completed
O02321,C0172,P07,3,149.0,2025-08-21,completed
O02322,C0151,P01,1,129.99,2025-10-25,completed
O02323,C0149,P03,3,79.0,2025-09-01,completed
O02324,C0312,P04,2,59.99,2025-09-19,cancelled
O02325,C0400,P06,1,89.95,2025-07-13,refunded
O02326,C0017,P03,2,79.0,2025-11-29,completed
O02327,C0040,P04,3,59.99,2025-10-11,refunded
O02328,C0323,P07,3,149.0,2025-10-14,refunded
O02329,C0027,P08,3,39.99,2025-09-26,refunded
O02330,C0226,P06,2,89.95,2025-04-10,refunded
O02331,C0151,P04,2,59.99,2025-10-25,completed
O02332,C0119,P08,2,39.99,2025-07-14,cancelled
O02333,C0124,P08,3,39.99,2025-10-16,completed
O02334,C0041,P06,3,89.95,2025-09-16,completed
O02335,C0186,P08,3,39.99,2025-07-25,completed
O02336,C0215,P04,3,59.99,2025-05-31,refunded
O02337,C0126,P07,3,149.0,2025-10-27,cancelled
O02338,C0071,P05,2,45.0,2025-10-11,completed
O02339,C0061,P02,2,34.5,2025-08-04,refunded
O02340,C0076,P08,3,39.99,2025-08-07,completed
O02341,C0233,P01,1,129.99,2025-09-14,completed
O02342,C0135,P08,3,39.99,2025-10-22,completed
O02343,C0018,P07,1,149.0,2025-07-25,completed
O02344,C0068,P07,2,149.0,2025-07-01,completed
O02345,C0206,P04,3,59.99,2025-05-31,completed
O02346,C0173,P06,3,89.95,2025-11-08,refunded
O02347,C0056,P01,1,129.99,2025-07-01,completed
O02348,C0210,P08,3,39.99,2025-08-12,completed
O02349,C0388,P08,3,39.99,2025-07-04,cancelled
O02350,C0094,P02,1,34.5,2025-06-10,refunded
O02351,C0304,P06,3,89.95,2025-11-29,completed
O02352,C0195,P06,2,89.95,2025-04-01,refunded
O02353,C0370,P05,1,45.0,2025-06-01,completed
O02354,C0253,P06,1,89.95,2025-10-16,refunded
O02355,C0269,P07,2,149.0,2025-08-07,completed
O02356,C0164,P03,1,79.0,2025-05-08,cancelled
O02357,C0375,P04,2,59.99,2025-09-23,completed
O02358,C0295,P06,1,89.95,2025-07-23,completed
O02359,C0085,P02,2,34.5,2025-06-29,completed
O02360,C0225,P04,1,59.99,2025-06-01,completed
O02361,C0311,P02,1,34.5,2025-12-08,completed
O02362,C0073,P02,1,34.5,2025-10-10,refunded
O02363,C0387,P03,1,79.0,2025-11-03,completed
O02364,C0277,P04,1,59.99,2025-09-08,completed
O02365,C0190,P04,2,59.99,2025-10-20,completed
O02366,C0375,P08,3,39.99,2025-08-13,completed
O02367,C0152,P02,3,34.5,2025-10-09,completed
O02368,C0222,P08,2,39.99,2025-08-06,completed
O02369,C0143,P02,2,34.5,2025-02-14,cancelled
O02370,C0114,P02,2,34.5,2025-05-20,refunded
O02371,C0172,P05,2,45.0,2025-11-19,cancelled
O02372,C0263,P02,3,34.5,2025-06-11,completed
O02373,C0222,P02,3,34.5,2025-09-24,completed
O02374,C0098,P01,3,129.99,2025-11-18,completed
O02375,C0126,P03,3,79.0,2025-07-12,completed
O02376,C0345,P04,2,59.99,2025-08-29,completed
O02377,C0249,P03,3,79.0,2025-09-12,completed
O02378,C0068,P04,3,59.99,2025-03-22,refunded
O02379,C0371,P04,1,59.99,2025-08-16,completed
O02380,C0252,P04,3,59.99,2025-04-21,completed
O02381,C0215,P05,3,45.0,2025-07-14,cancelled
O02382,C0299,P04,3,59.99,2025-07-05,completed
O02383,C0272,P03,2,79.0,2025-10-12,completed
O02384,C0343,P08,2,39.99,2025-11-19,completed
O02385,C0307,P06,3,89.95,2025-10-16,completed
O02386,C0050,P04,1,59.99,2025-05-28,completed
O02387,C0229,P06,1,89.95,2025-12-06,completed
O02388,C0060,P03,2,79.0,2025-06-13,cancelled
O02389,C0059,P06,3,89.95,2025-09-18,cancelled
O02390,C0066,P08,2,39.99,2025-11-04,completed
O02391,C0352,P04,1,59.99,2025-06-30,completed
O02392,C0260,P04,2,59.99,2025-09-24,refunded
O02393,C0396,P06,2,89.95,2025-12-12,completed
O02394,C0211,P07,2,149.0,2025-09-07,completed
O02395,C0134,P01,2,129.99,2025-09-06,cancelled
O02396,C0113,P06,3,89.95,2025-08-14,completed
O02397,C0230,P07,1,149.0,2025-10-24,completed
O02398,C0275,P04,3,59.99,2025-02-26,refunded
O02399,C0313,P06,1,89.95,2025-11-06,refunded
O02400,C0011,P01,2,129.99,2025-04-09,cancelled
O02401,C0171,P06,3,89.95,2025-02-02,cancelled
O02402,C0026,P04,2,59.99,2025-10-02,completed
O02403,C0081,P07,3,149.0,2025-04-28,completed
O02404,C0083,P06,2,89.95,2025-07-31,completed
O02405,C0284,P04,1,59.99,2025-06-09,completed
O02406,C0387,P02,3,34.5,2025-07-23,completed
O02407,C0022,P03,2,79.0,2025-07-24,completed
O02408,C0118,P04,1,59.99,2025-08-04,cancelled
O02409,C0064,P07,3,149.0,2025-07-25,completed
O02410,C0380,P05,1,45.0,2025-04-06,completed
O02411,C0259,P07,1,149.0,2025-09-15,cancelled
O02412,C0278,P03,1,79.0,2025-10-29,completed
O02413,C0100,P05,2,45.0,2025-08-15,refunded
O02414,C0381,P01,2,129.99,2025-05-21,completed
O02415,C0104,P02,2,34.5,2025-12-02,refunded
O02416,C0242,P07,2,149.0,2025-08-08,completed
O02417,C0114,P07,3,149.0,2025-05-23,completed
O02418,C0146,P04,2,59.99,2025-04-19,completed
O02419,C0373,P07,2,149.0,2025-10-07,cancelled
O02420,C0056,P08,1,39.99,2025-10-23,completed
O02421,C0204,P04,2,59.99,2025-07-30,completed
O02422,C0289,P02,3,34.5,2025-09-07,completed
O02423,C0074,P02,1,34.5,2025-10-15,completed
O02424,C0107,P08,3,39.99,2025-08-06,completed
O02425,C0073,P07,3,149.0,2025-09-08,refunded
O02426,C0371,P04,1,59.99,2025-09-10,completed
O02427,C0211,P05,3,45.0,2025-09-07,completed
O02428,C0019,P06,3,89.95,2025-10-17,refunded
O02429,C0209,P01,2,129.99,2025-08-29,refunded
O02430,C0251,P08,2,39.99,2025-11-30,completed
O02431,C0165,P08,3,39.99,2025-09-05,refunded
O02432,C0285,P02,1,34.5,2025-08-06,cancelled
O02433,C0040,P07,1,149.0,2025-10-11,completed
O02434,C0267,P02,1,34.5,2025-08-20,completed
O02435,C0059,P01,2,129.99,2025-09-18,completed
O02436,C0321,P08,1,39.99,2025-10-08,completed
O02437,C0205,P01,2,129.99,2025-07-15,completed
O02438,C0151,P05,3,45.0,2025-10-25,refunded
O02439,C0191,P03,1,79.0,2025-10-09,refunded
O02440,C0351,P04,3,59.99,2025-07-10,refunded
O02441,C0310,P05,2,45.0,2025-09-17,completed
O02442,C0170,P03,1,79.0,2025-09-26,cancelled
O02443,C0243,P01,2,129.99,2025-08-02,completed
O02444,C0077,P08,1,39.99,2025-03-18,completed
O02445,C0360,P04,1,59.99,2025-04-04,refunded
O02446,C0235,P06,1,89.95,2025-03-14,refunded
O02447,C0240,P03,1,79.0,2025-06-29,cancelled
O02448,C0287,P04,2,59.99,2025-11-18,completed
O02449,C0099,P05,2,45.0,2025-08-09,refunded
O02450,C0374,P05,2,45.0,2025-11-16,completed
O02451,C0131,P04,1,59.99,2025-10-31,completed
O02452,C0053,P04,2,59.99,2025-04-20,completed
O02453,C0289,P02,1,34.5,2025-09-25,refunded
O02454,C0331,P07,2,149.0,2025-10-22,refunded
O02455,C0310,P05,3,45.0,2025-11-12,cancelled
O02456,C0243,P04,1,59.99,2025-05-01,completed
O02457,C0111,P02,3,34.5,2025-09-01,completed
O02458,C0085,P08,1,39.99,2025-06-29,completed
O02459,C0027,P03,3,79.0,2025-08-14,completed
O02460,C0341,P08,2,39.99,2025-08-01,refunded
O02461,C0390,P02,1,34.5,2025-10-14,completed
O02462,C0194,P07,3,149.0,2025-08-31,completed
O02463,C0160,P06,3,89.95,2025-05-26,refunded
O02464,C0110,P03,3,79.0,2025-09-16,cancelled
O02465,C0074,P07,3,149.0,2025-08-15,completed
O02466,C0356,P05,3,45.0,2025-05-10,refunded
O02467,C0223,P06,1,89.95,2025-07-16,completed
O02468,C0239,P06,3,89.95,2025-08-06,completed
O02469,C0316,P04,2,59.99,2025-07-11,completed
O02470,C0383,P01,1,129.99,2025-08-15,completed
O02471,C0270,P04,1,59.99,2025-10-28,completed
O02472,C0169,P02,2,34.5,2025-05-10,refunded
O02473,C0007,P05,1,45.0,2025-11-28,completed
O02474,C0329,P08,2,39.99,2025-06-22,cancelled
O02475,C0361,P05,2,45.0,2025-11-17,completed
O02476,C0293,P01,3,129.99,2025-08-30,refunded
O02477,C0324,P08,2,39.99,2025-09-27,completed
O02478,C0384,P02,1,34.5,2025-07-09,completed
O02479,C0314,P03,3,79.0,2025-10-20,completed
O02480,C0043,P07,1,149.0,2025-09-06,completed
O02481,C0327,P01,2,129.99,2025-03-12,refunded
O02482,C0143,P04,3,59.99,2025-11-11,cancelled
O02483,C0009,P06,3,89.95,2025-08-24,cancelled
O02484,C0087,P06,3,89.95,2025-05-23,cancelled
O02485,C0207,P07,3,149.0,2025-12-09,completed
O02486,C0034,P04,3,59.99,2025-03-17,cancelled
O02487,C0137,P02,1,34.5,2025-08-16,completed
O02488,C0142,P04,3,59.99,2025-09-16,completed
O02489,C0089,P01,2,129.99,2025-05-21,refunded
O02490,C0180,P02,2,34.5,2025-08-27,refunded
O02491,C0357,P02,3,34.5,2025-08-26,completed
O02492,C0060,P02,1,34.5,2025-02-14,completed
O02493,C0163,P01,1,129.99,2025-01-28,completed
O02494,C0327,P06,2,89.95,2025-03-12,cancelled
O02495,C0127,P05,3,45.0,2025-11-25,completed
O02496,C0383,P03,2,79.0,2025-02-07,completed
O02497,C0362,P05,1,45.0,2025-06-11,completed
O02498,C0290,P06,2,89.95,2025-04-26,completed
O02499,C0140,P04,1,59.99,2025-08-24,completed
O02500,C0358,P08,2,39.99,2025-02-17,completed
